cookie_id,score
ck_315fb710a0e371e7,0.0009607449810861527
ck_a76ee3b3e3e522fd,0.10423917309997571
ck_94c9a4d382689e82,0.036924515446405175
ck_8eaf9509ad9462a0,0.001107712636519739
ck_9a88a5a989cb5bc6,0.013143950527674359
ck_15239ef0689c1a35,0.011575222057234701
ck_8de69cd219d3b87f,0.1421410874234792
ck_f92cd37022b0ce21,0.02114433897752144
ck_1a3ff7620580a514,0.005977528029926539
ck_397c03aa33a57310,0.07508907847264393
ck_a7cf6c3b322f6b7a,0.001979176552003305
ck_c39a9e75760e3201,0.005110881820522989
ck_88ab6d245228c38e,0.0006404817420478026
ck_17733f75ebdea93e,0.004997713525732657
ck_58eb871e8d7bed52,0.34146467980477124
ck_e55b7fa67db1ec27,0.002790959781558671
ck_62f5cfe22c952694,0.00823427694597397
ck_7fbb709a0fe95759,0.003969821878136743
ck_87abe9cd066a20fb,0.03935520259217491
ck_d58e058b5c553dd5,0.007037361767050295
ck_d27b872648b71202,0.0037673119585877905
ck_4b4a3c5b95c55b43,0.0009323980745049238
ck_66dd4f4b4127256d,0.0005531642028485544
ck_93cc12703b500613,0.06276384200322636
ck_d28806a2179092eb,0.9976316552353267
ck_0595c2a0c7881e05,0.019671390789935666
ck_50087d8666191144,0.7864367454889292
ck_b08b3f089138c901,0.018973303166998697
ck_fe3b67041dad2dd1,0.0017442093841048484
ck_8449a28f7d475d93,0.021223493593043208
ck_8642e3b6d84f49d3,0.015874727465864498
ck_e49b5e4f2f2e79db,0.2531328740784967
ck_437afe412ea4259c,0.4094268590954917
ck_569b83668d74042d,0.965937708614124
ck_233a487d31c3e631,0.9979134568434171
ck_1fca72e03143a645,0.9078556856039497
ck_79205e31223df2ad,0.01296179161139346
ck_9625a64406ea16e3,0.0030724167907088466
ck_079bd18dacb704a8,0.17071425271017465
ck_4db6d4fd2b49aa81,0.020760076877633905
ck_0dbefdac0a1868fb,0.0014702285975694577
ck_24ff97ad90bdd69a,0.11138073756652232
ck_77f8c5042065d506,0.01022103045210775
ck_f11be8ce05382cec,0.0053295951467021
ck_c9d72140b0389216,0.04610543919956706
ck_69eda24e931fb36a,0.000898009140723721
ck_ed471e496916ee15,0.002572163279300863
ck_ff090498c4b17ac3,0.003918597919774072
ck_c3c19d6a0720915c,0.0010315335054829303
ck_af02e1817cfa40b5,0.0239538997036516
ck_2df5a9fc87553eb1,0.002617594275053046
ck_4ac918e884cff336,0.028970469209207254
ck_ca149244b54ef3ad,0.0004134494630801097
ck_6babe5b8674ff51f,0.018948280167451308
ck_1573878386886290,0.003761810331015345
ck_3925f8565abb7fe4,0.002029336288218618
ck_c4de808ae69c771f,0.0011541161949016694
ck_a777c813551281fe,0.006248846640583907
ck_df4424f6dd85080d,0.05253398024963677
ck_85e5494ec20383ae,0.011669477351954761
ck_f71a4094e889c3af,0.003352615351088045
ck_f2f3cf9cd23b2809,0.053895899150463895
ck_18e2076397bcc211,0.0345382657411161
ck_c9f9fddef39bc664,0.036095661930705104
ck_7e826e233d6ea028,0.004946540636892177
ck_62fd7eb46bee9210,0.01581617113296516
ck_206f8e3cd72768f3,0.040794580641406585
ck_aa295a11b0a6ab36,0.01597155587114012
ck_9a56739d81f84a53,0.005741579823875336
ck_aa075c418ed9fe5a,0.006565476022709729
ck_62b9fb3db284941b,0.005142522613979387
ck_f4f83b1403ebea46,0.026405388291997574
ck_16b66bd803288bc3,0.22318521145448106
ck_c4ca1434f3778f1d,0.9965590037328974
ck_1b823610371a29c0,0.008552834629580303
ck_c2bd5a722aa637d9,0.002206681527381614
ck_7890208951df34f0,0.024719941432701394
ck_020eb0e454524ecd,0.0018636399751134306
ck_3b66196ccf436c35,0.008961729982333794
ck_109fc467ec0a4af5,0.05695507215037587
ck_f3dcd818db92de7b,0.019501928896190138
ck_31e7742f160980ef,0.015355363953845822
ck_77fce5f86f00b8f4,0.1041852631323501
ck_46bc797b4d07d607,0.002413798954421832
ck_37899b1b571b1c6b,0.009654677103617434
ck_ef8a6af43fedd464,0.0028317919052318185
ck_bcc8519fe8521038,0.05334136844393855
ck_90696b7182dd9129,0.010472144298374838
ck_4a24ad61d017e1ba,0.043314096072840966
ck_0acc3d8c67218b9d,0.0062062119360623644
ck_05c97fc9de11aba6,0.05307071580390118
ck_f8ac3a0500c0ec62,0.01518398571794733
ck_617b65141f546a1c,0.0053159139181180445
ck_9d00823bf60388d7,0.061161090085168554
ck_123c15d93f1840f2,0.1449003496616915
ck_573feefba6bf78bb,0.0785437714278019
ck_b25657bd16739036,0.0090512490291947
ck_bd26d2bef14a8597,0.015025337355109811
ck_a553418f2fba1440,0.006252923548653133
ck_89f3e380b0686963,0.0025282798237131836
ck_b359192aa659bdce,0.016136136198446154
ck_02241f3dc301bebf,0.02564547627246219
ck_5ccc1a1c78cb33ee,0.10166283029367068
ck_349cc5edda1b8853,0.04118894230095305
ck_e9f228845bf6e28b,0.026267591861881955
ck_0a45d033d4e280ea,0.016628632392742412
ck_7e63168dda612235,0.004658470356391014
ck_676fa5f6aae5475b,0.006779679878604668
ck_74b502b20690ccfe,0.00863844583389806
ck_073509af21dd7f5f,0.716750213069452
ck_498a0acd450944d8,0.0022203912361540047
ck_7f15b50b29dead01,0.029945949152082207
ck_8089fe7403c5f537,0.004657264164337541
ck_05b2b04e11d9ae9c,0.008197142756618944
ck_31e70f2f04b48b88,0.00043864027851131006
ck_994316fa5a02b319,0.001307255122711926
ck_b76510998b9a2260,0.038164757284652295
ck_4db95c310e105d30,0.003200010452251315
ck_6f730b77dc6cdb84,0.01112010690325629
ck_2493ee8e7b91d304,0.05003425716137351
ck_92d679d6ac7dcdcb,0.07029666098260967
ck_3a0e0200cbb185cb,0.031605530008047535
ck_0b2eeb4e00ff7955,0.011492936781946765
ck_9843d0e61c37ebe8,0.9954883328313131
ck_e61c8721e3ef1921,0.015631428999881555
ck_2e0eedaaf2980c2c,0.012819178199783652
ck_9036b2e5e9298a34,0.0045895925082784245
ck_3265442528d51728,0.01022428497677335
ck_f2ddae2eb1cb29b4,0.007351238610526262
ck_6cfa71d27fc27f92,0.01258313261109625
ck_f3199fbe84a28b9a,0.056428667562441207
ck_b78d785ca3ef773a,0.005291352008561802
ck_374865697f1480eb,0.013969939476295006
ck_06d0e4a9189302a9,0.04163327039645159
ck_9c9884b9bcaa552e,0.22619251691247233
ck_fd4cf578e87703ff,0.024351044947825983
ck_1917ef3e6e345549,0.07641314412844787
ck_e70418b00cbbbac9,0.09375872163569152
ck_a60388296a47062c,0.027795105281587445
ck_d598fe8d2c779ab9,0.023082862184137413
ck_646dc03de4c31803,0.8347515423687561
ck_e4fd8cbd842b6993,0.0012755061433382105
ck_2225b555aa2a42ed,0.025075413208586528
ck_6be8ae9d78148882,0.005932661005687856
ck_4199342d3aca74e8,0.07504471758726708
ck_779581adb573261f,0.0038483227388397007
ck_bb303568b6915205,0.08754260665315096
ck_17c4296276448afe,0.0024798040770039713
ck_a60a61ac829252a0,0.007758404407421241
ck_6ea70950c1cae00b,0.8443873859655301
ck_1abb93f6924645e1,0.054583072462295525
ck_faab769cce19879a,0.04202587362194623
ck_d5b8e74e7ca6355a,0.03375474999769466
ck_f11f7691af16ad07,0.0014675164617749168
ck_188fdf2be7c92e9d,0.9945376222190999
ck_4a103f8254b366f7,0.008737181920995723
ck_bfa17a0b1760e616,0.0008225217325631142
ck_a4d7f6a5869d440a,0.9902175344577724
ck_58e20f5a3e7f11b8,0.9015388597029096
ck_4becdd3d2696c7ba,0.0028964104410330606
ck_dad5cf32ab9f243f,0.006002802526176677
ck_7d9f73dc7c4f90c3,0.11539758376295253
ck_c19371047a2d011d,0.0016840042549535112
ck_247589ff532f7aa8,0.008066620526345826
ck_7a9f241d5f082567,0.0023718943867764436
ck_0a2b7078736b4dda,0.011891348133749337
ck_687b412e2aac7eb6,0.010502918304539113
ck_fce0b6855886a0b8,0.01835582899578852
ck_e291cc60920456d0,0.1377318122803522
ck_04219a7ea798db51,0.019935880182328353
ck_286bfd719836e9f3,0.0968141014732281
ck_55efc92394fee232,0.01292193604759743
ck_e36c8da1bd359960,0.03918254014938477
ck_34b0988a97d96902,0.014978663725118456
ck_e0fb11fc9dcb34e6,0.004729182669031806
ck_bcc9cbc9ed8b7c31,0.01937045816814268
ck_3df8da6f60a89a5b,0.02431729485621657
ck_b1495ee5c59a6b28,0.01932613932184688
ck_58f4c3ac61fda129,0.04746696885425943
ck_735f244b99e3aa8d,0.016201771179802395
ck_6b93bd8abf87b1d6,0.9773142146162768
ck_12107dacc6d05bd1,0.002318579127445967
ck_f96db2a1f3448d1f,0.020806142266292852
ck_8fd91a3c99e19097,0.006870781934265007
ck_910205d25388a0ae,0.0018551194439056188
ck_d229dfa0e4442628,0.001440236957695428
ck_7cdec61e1c488798,0.06129803715530701
ck_f66f06e24ff32671,0.03681613254027211
ck_350bf14e90b503f5,0.014830495103205214
ck_61fff5fdaadd394b,0.007311588423683959
ck_e934f984bad2ff91,0.5585301083699465
ck_ff6a6d3547dd2d37,0.011944820760744181
ck_65ad9b15979e3247,0.015309868917135214
ck_bbe1a2ea5a403ad8,0.08507490834854671
ck_6f3a28eecd2c4031,0.01389731605781618
ck_a89b66665714058f,0.007701134120454068
ck_918c92182b6817cd,0.039767678804433305
ck_64f5eb4be9e7b8fa,0.11637154072522007
ck_d021fd497ea35fb2,0.026917008550877933
ck_004de16f7d8a42ae,0.04141976592031328
ck_a33d2325f86ab12d,0.0032608883041606264
ck_89790ff26c844bc6,0.012498794795196961
ck_e6e7257377c37b28,0.08327684593310988
ck_a2cc3910a641a808,0.4083408129000914
ck_646e270e0195bf05,0.008711923217760476
ck_baba5d66def0d770,0.027624412207033412
ck_67cdcdda3033842d,0.07387765035950165
ck_b5c3075c811a2216,0.03266732591678174
ck_515379973a8044b8,0.003304884653252651
ck_c0ce85fb4109567d,0.021519069822146353
ck_fef850553862aaca,0.0029889439504701926
ck_55d7217b0aff9fa2,0.004929114188690889
ck_8e139f8925ef7968,0.018145485641327355
ck_9e35b908fca1e4d7,0.0024197645042643603
ck_59735f4ab2ad3da5,0.047503529395119974
ck_dc569c1167ccec0d,0.4065103631785429
ck_1dade5592f90a15c,0.04491105912015792
ck_793048d11fb8b328,0.24955113951749197
ck_545b71eb4fa594b5,0.004784444061540036
ck_bd30853e9a57b544,0.027899440789707183
ck_59f46321ecf6d306,0.01609568916058137
ck_260cfe9141d249f1,0.18816457304360817
ck_3365a0ad1a8aa83c,0.004312754057596955
ck_b0ef193195a2138b,0.004233616934804558
ck_0f909705e2e60f2f,0.003117062150036172
ck_5a540b75c866166a,0.012135081295820764
ck_87c26b2f41025109,0.9324063324279729
ck_27acc9f320cda104,0.30208008942157016
ck_a27bc31eecd9cb9a,0.00786920824131898
ck_115d86fabde77b65,0.00045394189192471445
ck_eeca179341d56f8a,0.8482490488759117
ck_8e5999c436cf037e,0.0006800567527031762
ck_510e7c5df1f95d90,0.9945410847263785
ck_f1acf73363925958,0.01747486202294619
ck_3c177f5970b68bd3,0.020886923892972618
ck_9cdfaa1c30cc9d32,0.0019617889852721376
ck_c8efa1538b37c359,0.009099536225489395
ck_a8a2e296f9804bd7,0.014624189016717127
ck_91a0ca45f429568d,0.02702852302075242
ck_5fdf8a0bdbd3ed62,0.020742281015185507
ck_0f4e2ec66d50da5f,0.0009060218534939973
ck_28c53b214b2ee882,0.11375958313219697
ck_003148504557f720,0.061003299757786865
ck_01d840cffb870615,0.3048273956282769
ck_555848d51f4b5f35,0.04206735545961436
ck_df20cc23b8fb8e22,0.007829715659812548
ck_f9604adde929beff,0.004505955613132884
ck_d66952b03591bdec,0.009059787045820661
ck_ddcac1ab765ff61a,0.01273964238454196
ck_347386629d96c664,0.035541202129694686
ck_ab01db9117acfe3d,0.011575820606168151
ck_58e5359efc52e0ad,0.007731009541826185
ck_1a524b5cc8da71b3,0.06944843293604393
ck_e9287b6d909d731f,0.005059817036687559
ck_bb41a66e3d90263b,0.33381188173623255
ck_e95c8cc1864bd584,0.003994087836962425
ck_7a3f2961e9a8b6dc,0.006143866431737549
ck_378a9df82b1e0bee,0.2938058431515981
ck_42633573639a3f02,0.9636931369741253
ck_2a5a4c18c2c7274b,0.010752578369983057
ck_77549c1a41f837c3,0.012251777639181
ck_a26704b5b26258b7,0.021107694072646208
ck_9874ad160efddf50,0.007257597209330446
ck_9111e3a04b14dfba,0.08774000256922848
ck_651e076ee43aea85,0.007623510582061221
ck_391639c0f13932f3,0.0009546533516545952
ck_02dbabda93c8c13d,0.03176046940494103
ck_0adcb1fffcb0a34b,0.029178456478517065
ck_7a43ef9c7b1c67b5,0.009614924255719767
ck_4b9dd69946438d0b,0.007525425797996388
ck_90bf017cdd37b66e,0.04142113022725827
ck_61c74163eb36556e,0.016791038617355206
ck_13376c59b5bd6943,0.002099627851904949
ck_62337eccb1672737,0.008361309391893945
ck_16077934338472bf,0.0015788941719986997
ck_0d4dfd93086e7330,0.011523120618031586
ck_3865b7525b910893,0.06343696973012958
ck_7e2ae8b69ebd5675,0.00791045993080313
ck_b4384b6c11766ce7,0.005001239576378785
ck_3d7fa32dfb9fc692,0.058177891519903706
ck_f4a6a7cadd6e0603,0.05684672367377296
ck_212525e2828a6c45,0.010701682583571202
ck_33ad8d53394ba77a,0.36459592742776176
ck_a5051eafe8b51224,0.007865526307682275
ck_f65e5ff7da565f91,0.0022553400190639915
ck_5c37f7563fa7591d,0.015157123129694316
ck_f1e0a006068aff29,0.003600839853173651
ck_c646cdead6fb79d0,0.00791346802058694
ck_f8b3cdffef535330,0.09526630431693851
ck_e5cdbe3aa12c97f6,0.014279227388413824
ck_986e4e61440506d0,0.03811204962414031
ck_6da9c5912e15d9a8,0.0036194183999069818
ck_51d842e6dae74c71,0.01912323005140318
ck_5fc65c24e0736d5d,0.9171031105194577
ck_babb95a76c69509d,0.03829377155303269
ck_86a2d852a9715432,0.01802307062738917
ck_db4083a0d043def8,0.05205798116423229
ck_96953b8945b7d403,0.016206848385537296
ck_7831ca5c31fb3859,0.047840509131323185
ck_60ac5e5f375daa38,0.0024992182085877127
ck_05d44eb1f5f085ce,0.06122145512776234
ck_432cc19c7eeaa46e,0.03918452390216948
ck_7fc513033af061af,0.0251532643506795
ck_ada6ede84c111719,0.021825122293621487
ck_6343e0d3b1c2962b,0.029731647006858708
ck_010264ae04f2e902,0.07877977284935987
ck_e9dcf535f8c289eb,0.09211922851361523
ck_37143d9cc296e6fa,0.008848117548835957
ck_61fa051192f3e810,0.023190126865346397
ck_f9f93d1d41be1468,0.817433829795721
ck_c4f4f28457be8a74,0.0012590592693772224
ck_323a71f9452d21cb,0.6620874154601147
ck_170f4688e0acd875,0.05718771749997344
ck_869b1878d09d230d,0.361804151909624
ck_2f6b33bf46976229,0.001832250460522456
ck_b11e22e75d9b99de,0.001147516416808995
ck_123d75ffb75b606d,0.0038431799349433055
ck_94295287a04c85d2,0.2377160342463836
ck_1b0434f096795328,0.0016841444983748777
ck_0a4e191cd0a57ce1,0.002290057409463683
ck_d2fbd0df99634676,0.0134373494984486
ck_d51df5e9fbbbcc94,0.05178167918595393
ck_2d3d7d64a6f443f8,0.007685786288925479
ck_731943c682c9394e,0.009003562373133102
ck_5ccc0c94e5e1f849,0.01299616631581717
ck_c3476080516db25d,0.01285440360942651
ck_5010ffb1c94187b5,0.000564572374116715
ck_7ef666d67bc70223,0.019312741403987616
ck_c1b493527224a27a,0.0012927518116556292
ck_5d1e25d7acc5af9a,0.009233445690197184
ck_ec30b61cbf517db8,0.0015235104137610524
ck_79323eb5d2e5efae,0.006332411745455404
ck_4085cd3bf2661518,0.011923180384992254
ck_2ca91214c357c072,0.10723321869131465
ck_7f3132d6be389657,0.1487036628761592
ck_e7a6b925c8f39a85,0.021420089742840594
ck_c886adec7bac250a,0.02872673090114861
ck_c3f360c2d0ea0a37,0.0164501387293615
ck_a7acd5b015823793,0.018348863050610335
ck_9d64187c0800f84e,0.01063193636011934
ck_5d4ed73b9efd7d11,0.011007021185397455
ck_874eca6776b34dec,0.004650611902620107
ck_96a9221a87be93c3,0.05011910866994539
ck_68dd79a51eabf5e6,0.09918538700879857
ck_8311cb6755b2016c,0.002769959698864013
ck_16fc77b2bcf5ec03,0.43316736234028597
ck_ad9e2088a33c8c72,0.0005925425766305196
ck_7176bbc97b1e42a1,0.0036691375979624108
ck_80dfa54b30f65fff,0.8301312032937997
ck_31c54d540b128843,0.003443354341975481
ck_43ea894480567274,0.024043267564231256
ck_9c9e8a38bd5a6c88,0.045489648088212466
ck_1c2dcae19539e148,0.05374658844788995
ck_b0fa8b84e94d8ae0,0.009008269967804334
ck_4ceb43ccd0a81c2f,0.0068535556907088225
ck_ba845332b730b596,0.0008057351609536495
ck_73d3e8c6077f61e6,0.1579055654502114
ck_b5d0d223ef56473f,0.04839380219567098
ck_949f08f8e80e93ea,0.0017229823908573563
ck_73de0b49709e5f8c,0.003793511168814541
ck_b5935e9722a39819,0.05570760619591677
ck_96247fee0eb44420,0.002221260875114029
ck_a6def1e4b2d57e0d,0.05605403163114182
ck_aecdc5a96321a2d8,0.013137437759835993
ck_bc61c59970f8de49,0.033876701445309375
ck_c43b4175fc9ac5bd,0.7134175036316759
ck_8ff7a9b23a55fd62,0.010427532160588707
ck_20c99b645f462449,0.004599626824484965
ck_a5ce2ae36fb410d9,0.003546668046403756
ck_96fb9bf556842bbc,0.03516727890750345
ck_b5e4c6dbbed1b773,0.041511809476325774
ck_2085433978e72ea9,0.11741922726479832
ck_2c6b174b063ec637,0.01251969090843382
ck_b20b81b88dabe28d,0.0036155171360213395
ck_243c18dbf150831c,0.001227510372395536
ck_2bb6a17e8eee35cc,0.014811729769969471
ck_66147fb994495396,0.18953207719261808
ck_73f124f075ede0fc,0.034825961061168954
ck_2e315f1b1e533dab,0.004763298261893294
ck_16c7bf94ed3e7a6f,0.00031051464725162005
ck_4a0eae220a762ac5,0.016902037476170074
ck_dc16f939c2f44ad8,0.02191065977353833
ck_817926b449754917,0.018554473766538692
ck_0c0dde42ab64ef87,0.012679709175842564
ck_cb3a40594da6a2ee,0.05908547424365558
ck_d0dc156441fcfdcb,0.03009700205167111
ck_66f0945add423e9e,0.006313688099580177
ck_a74f6a3030f5d495,0.04388449284726871
ck_1ae460f331e49ae2,0.02340359337154806
ck_2d177b2f4f0b40c9,0.14152786799387798
ck_92e474e4368c4791,0.04614645613969773
ck_3dee83fa2d109484,0.0020219788780764876
ck_80e5ea27848069fe,0.009974045947703599
ck_ed0c4a83701ca230,0.04640920807425969
ck_0b8b7c5c581fd161,0.0007216987367208189
ck_60bf8a2870956fb1,0.017525039852876602
ck_73a54b56a2bf35fe,0.6482910504244235
ck_2296d7a563424883,0.023286992845550133
ck_bc19c383560c7477,0.05309462637561353
ck_861d8e3d88f1079e,0.03285588589034222
ck_3f090fc96c24eb28,0.0013352881085853887
ck_9a6a1f8102febfca,0.05196007806738194
ck_541b6ad5d2fa5a39,0.011328832280777986
ck_a760d38d1bc4de97,0.001898243743724865
ck_7dca4d7ee10b4eeb,0.0021092917189446054
ck_15220e78d1545e40,0.013677375205025129
ck_ca24bb0de508efb0,0.0037119296699082076
ck_56b389627d8f02c5,0.9686970146041115
ck_48a6754977a44db0,0.005727342885665339
ck_333a43ec339a04cb,0.03184457262601915
ck_f22aacaf86a65d7e,0.04861497076009417
ck_04bd8a1ffaf3ffd8,0.001928351897558825
ck_2737a72de6b700f3,0.053662734225381384
ck_c35e03b0dd0c3454,0.042252629860560435
ck_e0571312f395cd94,0.02026265560148053
ck_09fab6b9825001b2,0.003769712698783837
ck_18c3a095606209e8,0.027157112235473006
ck_2a97db9377d01e36,0.00900901960897636
ck_f29dbbfdd2786bd1,0.01666387575583376
ck_35d6c510ad29362e,0.36889818589807777
ck_5468fa99c945d785,0.026017565551260773
ck_6f8102f62c876cc9,0.07427742275330675
ck_91955aab3424ad16,0.0034699461281082924
ck_9a43c0c73a39d759,0.08439076540307544
ck_60b023af6d1e30bf,0.5939573136772391
ck_9704c5cf8659cedc,0.010989158281600289
ck_7e5f02b51b9f78bf,0.05044606114319956
ck_7d3a88d1aa649708,0.9366438999017124
ck_8250eddc1ecb07a0,0.06157077578351809
ck_d979ef95ee44023d,0.02679506812274372
ck_5e5461dac83531ac,0.017031735887517344
ck_d1bb8890081e0a31,0.018540243709064506
ck_32246c62640648d9,0.0006224856981992639
ck_77a40c7d2f862a32,0.05735751917512961
ck_1c8b94efe9238f5b,0.0019109201892467953
ck_eaf3b6d11bc3cb11,0.002936768392588415
ck_a4a7ef3ad799c380,0.022253122350775346
ck_d5bd8f68da073cd8,0.013095071052237412
ck_6e6258227fc8db7f,0.0019560954908838446
ck_c35d444e05799db6,0.005249787281765289
ck_74665e1209140ae8,0.030907033653697947
ck_353a272478f7e903,0.0021071994201697546
ck_a2c9796ea229a4e2,0.005127114223792514
ck_e0171f91cb3411fe,0.043593522139195096
ck_703499f5410280f7,0.00028927450385050516
ck_ae3a763997f8f385,0.05910207115155137
ck_f7ff94c3df5ac874,0.015485621750356322
ck_f3c16d8f747db046,0.017455816034655004
ck_7ef019ed77276496,0.0017109978771509835
ck_d6a4faadab58a3de,0.005037374532061605
ck_ba7b78d31d74c794,0.04867598951163034
ck_36287d063350ce9d,0.002511847240762589
ck_5177fc7137ff26ce,0.00043534134989452184
ck_dfd4e79aaa967b63,0.006800360274795409
ck_fb44d15fb93a7157,0.018339355752491616
ck_fca478361870a4ca,0.006954467286218266
ck_e57b94fe57341058,0.0526757677845872
ck_5448c946cc4758fe,0.009546643872933924
ck_c5ece5ffb8800ad4,0.010278441180249441
ck_11cb98211b2ed134,0.8279683877905577
ck_f655399ac75c4450,0.050102834740789345
ck_c817259019588d30,0.023326409813486566
ck_8740a14d8096c6e1,0.025005498047875493
ck_0c5ba86f4e05b38d,0.014875566508806276
ck_ccc917533d4b73d4,0.018211808263393563
ck_9eb80edfa43203de,0.0025420655628231744
ck_d1a1cf4cf61d6801,0.02901186647354456
ck_b17c239f160e6017,0.03288253479268404
ck_410c3e13b48e0415,0.002015355537104522
ck_ab553954435e8854,0.9774683106294095
ck_bdbb4230c91e1604,0.021446816091451035
ck_8fd4937eadd64fb6,0.006101467517198632
ck_e0e90b196bef3c11,0.0019349151485345503
ck_3dc4d464386f0eb2,0.2377357777760187
ck_51bbbf8f8e8ad005,0.9967068216954725
ck_c05737ab74cf03c6,0.061395287522176725
ck_dceabbe04d99afc2,0.0005105912214500038
ck_5b86fd14e85bc9c7,0.6539476804263128
ck_d4febf0083800424,0.00822487473332714
ck_77d9f86dcf251739,0.008551970975841964
ck_b4dcebc543deaafb,0.005935248093505263
ck_cb856e75c949b0cc,0.0007061697283355608
ck_61b067de8ffc1ca1,0.06852614236874235
ck_c0e8560ccfd9dd9d,0.002061864147044918
ck_173e1198c341087b,0.007171775153502838
ck_b4d55bc809000276,0.011526714570385559
ck_839bf139296b5cea,0.004797534144463785
ck_78cd402a2a4f2e35,0.0028959883789498693
ck_c2925c50ebacbdba,0.0032379277981597725
ck_5e3bc76eddbdb0a6,0.003175370431532439
ck_b7793edca26fc512,0.0177308957175713
ck_d79bdf04d6f31cd5,0.007929354803348176
ck_4b97d19ed946f503,0.011653831170800768
ck_37139b41c5370523,0.046894644697921074
ck_8c346eeefa9ce692,0.02485763148793968
ck_2ab7eddee2d8c49e,0.0051242253086010645
ck_29da59ea3bffb9d8,0.0862963805147776
ck_c1d05ef0ec6e4be7,0.007742754540587608
ck_3882423b449f6291,0.904115888872285
ck_5647030283171ed5,0.7650629016948978
ck_efbdcd9c181e72ca,0.007376925700985647
ck_192fdad892782daf,0.19184961965673802
ck_0bf2e13b9f2601ac,0.04368901984712393
ck_3d6046a533057795,0.008800979409780673
ck_279a1d3a3836e5cc,0.0038953072881122448
ck_c375e929becde422,0.009701995117683375
ck_a59e90219939a1f0,0.008346851034055034
ck_4e9fba1ec54c3ff8,0.02320061801983427
ck_bcbd8588a13f5eef,0.0006029137984315686
ck_5f9a7ff990341bdd,0.0010028349726671415
ck_e0403d507519b7d2,0.00666685597911132
ck_c9490cb61aff5112,0.025207123257972454
ck_41dd44308e6a665a,0.12944822949647591
ck_76c23726cd7ca947,0.011718993075175384
ck_9be551300209fa83,0.007828625597819553
ck_a98848eec6c9581e,0.025946813872658944
ck_61176dafb33b2d8a,0.7216748765483025
ck_92de019e05971ce3,0.007122991171145855
ck_5d644224135d7c65,0.01434273865147964
ck_c767fc454fa215d0,0.003994885433150932
ck_5df85a8924e11f27,0.01984796390550655
ck_da2729307af06ed5,0.02811870186556654
ck_7c6b577174af7a78,0.017545562365238306
ck_893b8afbe11301e1,0.004712705102952609
ck_e06f6fed020ae014,0.016316074193343792
ck_386680372fb54857,0.004093665574637793
ck_7a7f3c4fe0c9d2ca,0.006003557274402912
ck_f908b527c4db422d,0.13105036405617193
ck_ec2eee6a133e9a6f,0.07228283456720351
ck_d98934f9fe0b02b3,0.0007066096881873733
ck_398a1ed77b0130e5,0.003622274011815932
ck_d960af7a55b892b1,0.010900136424921237
ck_4637e54a9f79e2e7,0.0019762303838881394
ck_02b9f418524f6650,0.021325790963884306
ck_d4b23804cebb045d,0.016123014450378306
ck_35b1939c48182a9a,0.008955827941822954
ck_2dcbb71e39d64305,0.03910004332834817
ck_47a884dec960ff2d,0.008602745173543818
ck_71fd8c346fde5cca,0.24340221459092767
ck_98e1992ac8e7d2de,0.03455399480708712
ck_ae7780327e210522,0.0210049405531783
ck_e6c584b4b1ad6d9d,0.009058044104877703
ck_344b2e326a6c3dcc,0.0033235749096952746
ck_9aa899a5230b0963,0.03493949348429514
ck_e48d14d5b70ef5aa,0.014341825809019177
ck_59d380a0973b3951,0.024858337485853463
ck_11318f7c041a5ba9,0.009776569185169396
ck_7061786fe2f22f5a,0.025973038942028803
ck_e77529651c416cf7,0.022854135224413475
ck_7f79878197340435,0.0109016559539321
ck_b0a0fb0ee9ebf106,0.0036831267954467307
ck_70c7679199776a90,0.014774092150983935
ck_b9facd2210daca5c,0.03631595715162996
ck_9949f53c155b8dde,0.0030580853975070944
ck_1c607e24f2c4397a,0.06757998420349182
ck_aefd1ce3ce093cbd,0.0004240087238688905
ck_5a29b7018e43280c,0.0016232428807901706
ck_69eb0b2ccfbe5f95,0.030431164968993684
ck_fe037765aa465c58,0.04863520893787757
ck_5e512ef5362a3dd6,0.005126479123775087
ck_544a9e80b7fdc279,0.0016177766081994624
ck_7825494e654d5695,0.014917868079705299
ck_f1f2c3c623553f0d,0.00032290931170631584
ck_52730906e5b461eb,0.9441525037949492
ck_01e0689157fe9617,0.14334028509601987
ck_9da82e567074da9d,0.06465810129696017
ck_6a17384072f904c0,0.01043616852568513
ck_8d84d771a21942a7,0.00016941597571922036
ck_39638880292782a7,0.041551445091728444
ck_7d51c86e0eec72ac,0.018491181722742757
ck_45f4c821c70d134f,0.48408295927758965
ck_0af3c13ba56ce57c,0.0034542438057572366
ck_0789a05e061b2784,0.47661091127438937
ck_6ba091eb42ffa9fb,0.2804073773271777
ck_265accb3c5c32620,0.07678052120489673
ck_179039559ff7566c,0.03868089850316839
ck_17c0a6a92b5765cf,0.014906064831260656
ck_59371c9140239fd7,0.01685799120619181
ck_f9c4f8b4ce2691f0,0.019340097936180706
ck_a2637e4872cf4811,0.08140382479161183
ck_1de43fd6c6c22a5f,0.1156233941966222
ck_6e4f31bd108571f0,0.0011495937046121195
ck_da06d97db0b18851,0.0010575083778686643
ck_e0346d5081e640e8,0.02388498860400364
ck_c1c7d4e62c9fcded,0.13884882964393452
ck_2595669e421299f6,0.058886277018371916
ck_3b6057d51fd4c7d6,0.0019806849099021618
ck_c5f8ab515840a0fe,0.01322914586815553
ck_435cb24538c6f77c,0.07027916678474445
ck_d84b5403da4cea7b,0.03319630921453741
ck_c2b61a98d1c8f6dd,0.8595420456336771
ck_c9dcd92b2f836b61,0.14030597355268576
ck_9eb5b3f5f672c2b1,0.0021798755497777268
ck_e4cf189a8d31649a,0.0035169204551567914
ck_6b114f2a48152b96,0.0018069940182768485
ck_3fb95862b70f505c,0.028690436249388218
ck_7f780f465c29398e,0.014935422075346127
ck_ee387f9da79e67ea,0.01750933579933907
ck_fa3b1e85d27af2ee,0.026854379550184767
ck_e739eaaa7a1822f2,0.03003744908161847
ck_dfa0ac11fcb1dabd,0.0011367308345424515
ck_6e8751b571ea54d1,0.030615502559480933
ck_2d695f8358383092,0.044432586796447925
ck_e7dce27edb700f27,0.012305326883051082
ck_e322da8b213eab52,0.0016250838328541383
ck_d0b32e039abb8200,0.0041091590368935475
ck_b354003302b272ca,0.016435003330733968
ck_f7485cba392bc294,0.18460182226633218
ck_d6a290ff8362c7b9,0.1532973175028703
ck_c56a44fe315c0389,0.009903709991485848
ck_f77dfe6512eae322,0.019511518236006567
ck_35fe969c58b9e70b,0.11055958470810841
ck_4c518637db2322d5,0.02267926526325382
ck_cb61902798ecc4fd,0.026048462905729822
ck_56e6cfa32156a916,0.0034650118009141202
ck_343e6ed2b9d35c01,0.008011487944314851
ck_51440f64f7250ad7,0.015400510361311558
ck_295bca29c34cfe2e,0.02868469039919498
ck_dd30558576b45e7b,0.01900147590440679
ck_3a30132a57181fe3,0.06258285181920709
ck_4a733aeb833406f4,0.00953542397132314
ck_1b0b7c3d35ab1259,0.05219686328432368
ck_962c3bbf27cd4b80,0.05048208007046207
ck_9528e1d6b1707870,0.03730144486887358
ck_b3263e7f31aab45f,0.03474433961833646
ck_e69195a3c885053d,0.0007082908567062475
ck_a907fa8795cd4baf,0.001250726965364436
ck_205c3405045bd835,0.0054817200821198975
ck_e81fc223bed3c46a,0.049064861823135
ck_363751deae40edfb,0.09504121451123984
ck_6176baea8cbebbb6,0.01402866466671762
ck_633e6579f5c74a5c,0.7654803233680705
ck_ddc11fc481eef58d,0.021327702180235004
ck_e975002c979e12c7,0.04144336865157607
ck_8e039b23acaaac00,0.08017776858098109
ck_1d6990d94a4d2ad6,0.06430559765054741
ck_e7b583acaa3171a2,0.031505354994509856
ck_c0133f60d39b2fb5,0.017612322965500984
ck_7d6bff85e7a694bc,0.0024358875431005696
ck_d305b4d82f63f647,0.0024679882279595743
ck_22bd0fc71f95e048,0.021469675230134693
ck_9a65fcfc7916f93f,0.0007563166359071048
ck_d61c837b0106085a,0.05567489876732641
ck_be86a1db08dea456,0.05426187422288239
ck_90489c405e6886d8,0.002852542475111144
ck_0add2c321d579d75,0.03868089850316839
ck_482dea6eed92cbbc,0.011974632774179933
ck_c24b47184534cc2c,0.9846543159936831
ck_fa04ac31e596e7d6,0.014026414807531879
ck_084322dc5a3a86f0,0.017025014325092545
ck_ccb72a33cc1877b7,0.019829836934540865
ck_afaf374009d3b248,0.01757821832067051
ck_b53084ffede19a8e,0.002294277489617078
ck_4760216154c8cac2,0.30932718861938746
ck_37ad3a65db673e70,0.0037883657366037395
ck_0c2932cc0d553694,0.007985607183718041
ck_86b853c52f20fef5,0.008498647091112638
ck_38703b7546d35a80,0.016695516222608925
ck_218b7e6e6dbd2da0,0.002172050872060355
ck_402db4184982fdf5,0.030648215515181362
ck_f917c82af80e4a79,0.08876451235275733
ck_3c6417a233c68c73,0.0502146328033911
ck_98068c397d70dd3a,0.041975187354231995
ck_b1cbd6679c0f8d95,0.010197363930952358
ck_9e962f9bb0e7bac2,0.029493865323038732
ck_b08247c3ad567d92,0.3348947774345768
ck_3ef7a03ebb81cfe3,0.0018008748382549286
ck_5d7ae0e3562e99bf,0.11049935479929222
ck_c91a628236baf91b,0.07304853592593458
ck_7f8e816ca51755e3,0.6424199188417037
ck_5aadd286d188f5c3,0.008655772569185703
ck_a037aff5f8128c73,0.002889120693035893
ck_5df6529ce8290906,0.0067839943022738065
ck_5f3609511443e5a8,0.009476343355979473
ck_a6f61864fac3c8fb,0.011328252109365125
ck_2733fc6ba23ae46e,0.02600211839274054
ck_22bfb9246646eb41,0.8391829192163797
ck_bfc2a57d8fd1610c,0.29290948203746353
ck_49839e761d0e74e9,0.00515922742465785
ck_aa4ba931dd37481d,0.011250700335916347
ck_2f9fa0d61829f815,0.00804702599002669
ck_5b82c774df10d49b,0.0005513735001749522
ck_411219470d0a195c,0.011999691721573955
ck_d07485ba10514a2d,0.2357909565831762
ck_219bef979ee21bdf,0.0007758029921177015
ck_eb1006e7285184a6,0.06155333453128835
ck_fd242b18575e3063,0.08660971846542036
ck_95188150ff059c70,0.07544982065730285
ck_a9ca2f447b984a6a,0.009340244707150882
ck_2dd39723c4088b64,0.014495229083042195
ck_aa2b4c662ff213b6,0.04211837074819605
ck_1867b1199c864db5,0.021609819593118546
ck_850ec97a5a0dab9a,0.015666347151845294
ck_562320295fa35875,0.00685949057860308
ck_bab5759b07fe2bea,0.0010179645540898787
ck_b9f1465d803e57b2,0.1432681012739868
ck_8f21f2690c32c691,0.04027310369062063
ck_df87d6f61a63eb21,0.018574100273517642
ck_770475876d0e7e6a,0.0036310871399801233
ck_b4c014d5c0cc9eb2,0.0028890906614302213
ck_3add4d23124c9290,0.010114707746777698
ck_bce5b7fecfb6264d,0.1318062787421972
ck_604c17cb97dc89be,0.04610941506759717
ck_e52cbcd9aafd26b2,0.009446117158520945
ck_0ac9114076f5bf3d,0.013711818412922454
ck_dcc125b178b79566,0.0013841558508219697
ck_4e333c09f0c37dee,0.023811066558585933
ck_ff7e31ff8ba731e5,0.00572500573357291
ck_8d0532d24f1070d1,0.0015367541595269563
ck_3689fa41748a6f6b,0.13923479476502507
ck_7509eb97c1948b16,0.0078074655045678315
ck_a9161cf1ca22a6bf,0.009030119923657366
ck_bed3e3db135b782e,0.04049233873098794
ck_9040edd974ef8e3f,0.349098134008739
ck_fac32d76ed40f683,0.024561309815564994
ck_3d7b1078e2d57c69,0.0031503136005126393
ck_dae09c4e074af5dd,0.04883180228450515
ck_fd84507228467b40,0.05195408087393874
ck_e2a2ce9b8cf44c63,0.018275573729888202
ck_cbe716f351d660d4,0.019135693181580475
ck_cba4162ef29a6d27,0.020802621937899318
ck_4f1e962ff8a29732,0.002877999634014748
ck_39a81899dded61e4,0.005169751206702147
ck_25382331551d22a5,0.046302965221661344
ck_6d64e1c07b19856e,0.0011083256040493072
ck_165a868bdef28ad3,0.04166078636160744
ck_88774ae52e30e877,0.016198417149312902
ck_fc7a9d0643570053,0.0014280437215081873
ck_c2017120b3b88a46,0.006645869393312555
ck_d115ac6b9fd62a7e,0.00770614844955162
ck_439cf7d51ec7de0f,0.008371992684424312
ck_2468a7e9e68a0927,0.008502289641774394
ck_7c418947124dee8f,0.10665876508695478
ck_fb0cf32c4a56f740,0.03569849321962133
ck_694eb6c43193afd4,0.030777835230804157
ck_993beb188dd4abb6,0.008229059474324
ck_77fa39d3b733c226,0.11744979377890487
ck_49969a9abc47cb69,0.018412916337101272
ck_d3f44bbe2f7e9b2d,0.031531194583397135
ck_fcf5b8216d0c18ef,0.002122932323541517
ck_daefe1e2d2bc362d,0.0013284244071136819
ck_9c9287cb28950eb6,0.023059443748988613
ck_c1d1a625b885a975,0.038407034242907166
ck_71b37fe47490b4ba,0.006726228897724873
ck_5d16e257c0635f7e,0.2530955244183693
ck_15918075563eb074,0.002507355538740632
ck_9a15fdefc47e8d11,0.005520396438286817
ck_6f04d047d1dde75e,0.00046268272485707764
ck_1af2c0b3b8d202c1,0.005963530407196868
ck_174be2231c5fd2b6,0.0023109720092155147
ck_bb0713a2a1d65982,0.02949722791771455
ck_0daec63bd5b0729d,0.06325713161466245
ck_c0b5cc3e8ad2ff44,0.02276757191059925
ck_35bee1fc12664644,0.07195121688770334
ck_a1c7cf63467df4c2,0.0014667818012178615
ck_ecb1e15f0b185ceb,0.10612861279577525
ck_f280d31f54a4710a,0.01758209466246703
ck_30f4b2ee8abe1342,0.6152782125918054
ck_66bed631354de5b7,0.00436484232962499
ck_c2d3ecd7278eba2c,0.0020350784749094326
ck_e901dec0e09eccbb,0.002343033484349123
ck_5d038ecb3c8748a3,0.022016382908760006
ck_283c5bea94b21e80,0.006750876559139084
ck_7956c251b85f009e,0.7605686775665845
ck_9f5f81d771146aa1,0.0006801270555724844
ck_9323e6fc1e168eda,0.6301008481568109
ck_10495d3a635b8d69,0.14169993397239164
ck_1982d571cd36eb0c,0.015380297998315024
ck_4f5d7985bcc2eda4,0.006293836558593816
ck_7df526b2b4410bb4,0.04768499412628819
ck_dbb498b1a346a402,0.0010692389884681109
ck_ef059997563e3330,0.0061304655602127285
ck_02ec4e06709e6b82,0.004591911361937484
ck_9782c86ba6485f88,0.0009575220985374197
ck_d69de468b44143ca,0.0051207549436134885
ck_6430a8792f400e0a,0.003489712036402366
ck_8285bd3c90af94f6,0.01807891585060754
ck_985c9ca112000e9a,0.0680617741787004
ck_e679fbf4f4f4aa07,0.006649810482915893
ck_016e8c8eaf9d511b,0.07341671209932624
ck_bc996c523944644b,0.020596240089606952
ck_5b8315726f6204e0,0.014519087531946372
ck_78181f8e998e442f,0.0011749701892174583
ck_71c68dfd011dbbbe,0.6602579942307608
ck_db32c95ce2b6f502,0.762945757361335
ck_755010362a9b1bc4,0.002413118748059481
ck_114141d85256c9ff,0.0006100525530945359
ck_9d1a5cf5a3b87e48,0.028493511058829
ck_ab640420858ab5c4,0.1918804147962891
ck_97a8dac48dd62488,0.15145347861662922
ck_879cc3166fe1bada,0.0012120908527743716
ck_b0ed11080076e381,0.006258603531789248
ck_7334a9ec656263b2,0.0026460543006086865
ck_6494f0ef13ce44d9,0.005871204101334279
ck_724e459b9ece38f4,0.021151722832291005
ck_7fd8b1470401695f,0.5177488514618724
ck_292f81186358b0fa,0.008449018285599371
ck_fa7de64d37287615,0.06425568473940083
ck_d00e09e66ed6458b,0.14950416319165
ck_b8d210e741be186e,0.0049131522232911656
ck_3db59982cbae4410,0.044663365065155065
ck_69887d0a9aaca6df,0.0005788742596737251
ck_4feb21e2fb0b3977,0.0039057867724750037
ck_08c6cc1e143475e3,0.005621207894457482
ck_fe6e168cdbb46b9a,0.06777840996525915
ck_07f1734be7fac56a,0.03836882254669837
ck_d66d59981307db93,0.09118698507280028
ck_f928dba0d587d7c1,0.0023084482677699675
ck_786448fe3004cbd0,0.0027494190885869046
ck_29ea329fa40ace62,0.01753995225446723
ck_7ea52b6f27edcb73,0.03707196434133239
ck_18bc51bbf3ef198e,0.04309552144356276
ck_44950df09ff14ded,0.0017893423426969327
ck_c1466b52c0a10b93,0.02194976848090628
ck_6cdac067cc4db5c5,0.08518091563401456
ck_53f55c6e8cf2d432,0.00204861850245223
ck_95945f48453ca532,0.02827560346394338
ck_87cce4126e215153,0.004985981872357076
ck_1ecd5516c92caa4f,0.0005873133972348447
ck_819b482bca14c068,0.1642633523784014
ck_a61a879dd46fc9f2,0.008598525236944671
ck_af70aa32c009c3c9,0.020432540619838874
ck_f4fe78e249092ab1,0.029100019244965497
ck_12c46bc52bf45b36,0.04433066799485744
ck_f05f5e4b40afa52f,0.06189205893027078
ck_0f8cb09d3f4fc980,0.05903260431212613
ck_80a64a7f0275a71d,0.008922163712430377
ck_683af7b1540a0b22,0.053823023768844756
ck_51fe0b613c076cbe,0.001675465032428965
ck_da1a2450219dcf19,0.07308002177336809
ck_2a7eba01ceba6c2c,0.008894160683382722
ck_4e329e29dfa743ea,0.34356298091619253
ck_0274d881d6db82c8,0.0036598395011103128
ck_0af5b7d128035b35,0.03757916361582484
ck_ae0a7be6b0a0ea68,0.03427913485215653
ck_de5bb7a4d091386d,0.3360322028210458
ck_2bb7c17168a9d17d,0.006266995691572191
ck_0ffdff7b2f5fdfe4,0.00818365728595857
ck_718a8390b3d42d7d,0.014503387900123453
ck_7c4f12d70f184533,0.0013894446000309168
ck_d3e2c26b8adff099,0.021903786264966557
ck_ac9d3d9754104cf0,0.002130608247506345
ck_3b1766a1d51f8f0e,0.18854064150576597
ck_a9bf75bea912027b,0.03376426281993229
ck_687eab3ffe1f8cfa,0.03707391715647232
ck_25dd0b02af5b2f37,0.06215030201470019
ck_1747fcc466f0ae38,0.0013005533257357824
ck_f6e9d14dfb6f3c28,0.01801614705797577
ck_c6a7bbd0adc4d5f3,0.04849104437695933
ck_46656a23f4456d22,0.5559130383495405
ck_7519260415c2998e,0.015868589958512525
ck_754f30ea19df857c,0.023922179427145404
ck_ba88a244d5f7380f,0.0070345359749252115
ck_f268416945316815,0.0182277271114882
ck_21860dd2159dff28,0.0022626307252542467
ck_7a86ef4e2beaec38,0.0009509748257432105
ck_0414507baeea936a,0.01600122092522735
ck_60796eb60fc3043e,0.004318476219086671
ck_1e0841ed17fe0562,0.0062609494484150525
ck_0d641d32658d6e0f,0.003941339826147495
ck_b36086ae6d87eec1,0.01590068449761799
ck_962e65ab33b5c311,0.8479741107294805
ck_b046a42684468e63,0.023462076081060032
ck_ab3426435b0017d6,0.012026748605195293
ck_fcfe06e44d09a344,0.12416281038098673
ck_0f6d916c92189516,0.012523435754227737
ck_d4c8f0d957c3965d,0.05389805721538447
ck_2ca83dbd728af019,0.0026804247071741793
ck_2857a4ce9f72fbfa,0.0028050281736461988
ck_a60e6edc48e3d0ac,0.2788902961442494
ck_0cbd3b27063d4415,0.1508613845395133
ck_612089ec90c37219,0.03192576850470112
ck_ec4e597f17f473c6,0.0023148755800997
ck_1c93cc58f314bf71,0.020987661513420384
ck_2b359a979520276e,0.006898605155876782
ck_1496568ddc3b2d56,0.027044860821321133
ck_41d91dc9f5063566,0.03591193328447865
ck_4c5ff58afe3d7a67,0.003662077673084845
ck_81709736281fa3eb,0.0017315459150286372
ck_d89abbab3d4957aa,0.011013553660165109
ck_52453401f88935da,0.022086903728091963
ck_a477654d34783e06,0.002513970086505364
ck_72dd0dbdf808cb00,0.015195246670539543
ck_c183dff3781746cb,0.12181430923050032
ck_c8b7f241810b45e5,0.0014493940801436
ck_f88028c3f306bc70,0.05237504601613323
ck_91d48d69e4f5d9c2,0.006157934502350648
ck_b74b9ba6d7c9aab7,0.04147581104906556
ck_03e904682dc73bba,0.031285988823064985
ck_fc6fed6ea96a004a,0.008108414400658962
ck_51efdd240e34c642,0.022676054374731185
ck_e78ab4ff52b5fd2d,0.013223247955202015
ck_4af7b97c24d89a45,0.024400147973024477
ck_295c0072eca7f7a2,0.009369828906748421
ck_8abd1a50a9227463,0.34606179654125363
ck_ecaa6f13304e3dc5,0.0017272751524687931
ck_de436e7b319be1fa,0.998014683681361
ck_c802cf8f61466027,0.0013188772383283306
ck_3d83e0a3c1cfbf8b,0.030407639111060796
ck_28d2003c2d16e4b6,0.0011288442243381509
ck_8ddaf745bbb9cd62,0.0007363566453657811
ck_493b6256091014cd,0.03846567649555176
ck_a2245822cfea997d,0.0020365516407672975
ck_f7305b3c64cf8a03,0.04534167013564215
ck_9937dad93a0ed3c1,0.008145093648336385
ck_d654449f9231ad76,0.004529717129440721
ck_850e2b59bc535490,0.03223319290338219
ck_e55e5bdfc0242aef,0.024223631158973764
ck_d35c51e981b98c5c,0.00513908192263878
ck_27cdf9c5e6f0915b,0.034713668121631756
ck_d328db1e1052d820,0.027718077806033924
ck_0ea30eff5f361cba,0.004327774087158926
ck_9994323f97109f4b,0.9673098546319238
ck_09054e97bdf9624e,0.00149700141359322
ck_723b4afc388113c8,0.004792464934590918
ck_588f6e6a6a6d93e8,0.011498578585170569
ck_e1d563fab4d6116a,0.0015017211085127556
ck_53aca610e20598bc,0.014312365146700933
ck_c8131ddc7ed33448,0.006226546922050323
ck_899f88464305824a,0.06630260166432485
ck_1c17c65804f8889e,0.0035571402568543857
ck_45a16ce12893cf9b,0.022180947169527027
ck_f9d481aa4f9b2808,0.3582628449578529
ck_1d5d74169cf892ef,0.016792889453175155
ck_aba32acb61c1aaca,0.10753147363092559
ck_ec4dd3675a8d28cc,0.01136120737563313
ck_5dcd443fe0bbdeac,0.0038770493556775348
ck_3a47e3f54475e854,0.0030109531598136443
ck_a9aa5c344c315532,0.024746824077055623
ck_9652283c9f61fcec,0.0018225756198580606
ck_752dd3d2487f78ea,0.008250076930885423
ck_a821980ac4db9943,0.48483992608836535
ck_93e0d6befb67f7a1,0.05429881550761085
ck_e7a3881c3e36bd51,0.311789786007421
ck_12631b78f8a03df2,0.0007303702090497799
ck_57b8226610b48854,0.0015670799558864185
ck_352657008983fd4b,0.024444043273143194
ck_0841a5c24fd3dd28,0.013968326146558517
ck_db9b9d5d30f74070,0.025502874165477953
ck_a9dded7f6294e44f,0.04382373125149701
ck_91a16336ce3217dc,0.019381053387661863
ck_371bd9388b287677,0.0014490281600729525
ck_f285e5e1912a7c62,0.0027057521434342945
ck_368b65fca69fc415,0.05686834779487543
ck_d27a73596b6500c2,0.02078296446026036
ck_2d963f9b2c4d11e1,0.028559450321513677
ck_7c500e219af39486,0.002820412964632882
ck_7d025dea5951cba7,0.010679145964884812
ck_32f632706608859e,0.013228521107087396
ck_53816231f3ffb48d,0.0029088788601584433
ck_9dbe184e81c1ca8d,0.04711470095865703
ck_d74123617f22a21e,0.009651463289063094
ck_275386782b1606f8,0.003959388900890304
ck_0b0e79d33e50cba5,0.007886305832766519
ck_ba93cb604f792915,0.03242336580861383
ck_a86cd653472eccbc,0.012330021626472391
ck_87771861e0447210,0.15324563532404825
ck_212380e0371d8a6d,0.011996949680757193
ck_ef0d702d7b0ed745,0.001625145444192522
ck_2b8f33e22f939372,0.8591754034342555
ck_480347ad92037105,0.02420003130871842
ck_20124c3a16c53ce4,0.006688663260094225
ck_c9e1e3229baae708,0.011248702622877855
ck_b1befe967f7a5ebf,0.05486985094493403
ck_4672167d7c989bbf,0.0862832209741235
ck_f0c44ee5e3a42e3d,0.029834385863492928
ck_c416357d20238a4e,0.0048515528914211655
ck_d0f470f8078c91df,0.012156913467491419
ck_3a70b4ee59084715,0.008814889325018399
ck_179ed66cdfc1ce27,0.006508581052024548
ck_387e5a7f163c7837,0.03335122694526806
ck_08fb463e69f647c8,0.9878318091705209
ck_732f725747393ec8,0.030440849330718143
ck_7cc5e0fa3ca5a713,0.004691726612347525
ck_ad4a4daa826ac68b,0.12775903998722907
ck_472e0be7a3b533bb,0.011919236547238143
ck_7190177963eafdd9,0.021496610061516794
ck_647ac26c5900f082,0.007110790978357604
ck_272ae2179bbd8e58,0.007713959883962735
ck_09b0d8af304646bd,0.0006331273554963818
ck_ca0cc8ea9f344408,0.00423689594027444
ck_332ad134fb909869,0.013676642682451065
ck_fca2798914627dc8,0.06010159145236616
ck_4450b55f462ae134,0.003527050087113664
ck_d67d9dfb60b286b9,0.0010710051971900962
ck_a9d2bb4f2bde7052,0.0074854894518518
ck_929bcae878a3ecb3,0.5017990994305982
ck_59a9e000fa275e1f,0.02523616774922121
ck_57f17254e2688637,0.018240216945704265
ck_0508908697f60ce3,0.15045012873591662
ck_946afc2943298d26,0.002957000840061117
ck_7176d12b18f2cc0e,0.014817038462047728
ck_5c47b49c26cce286,0.015510777122385768
ck_b6a2bdb2d335e1d0,0.9957456366788353
ck_1d58f6caaa4d012c,0.01245764039175481
ck_71c917295020ccc7,0.0026507073934424045
ck_bc89644ae3688995,0.005115913141381544
ck_e7c212f16d6df272,0.044145533535291284
ck_c6d2e11a368184e6,0.0029549988703924776
ck_eed7f1f7548df15b,0.017232993388547342
ck_75b69034000ca7bb,0.045055624380970744
ck_38da3bf629458682,0.005431038913940084
ck_90114c891239d821,0.0050817246656079725
ck_8ee08f6777cc155b,0.04021960297909556
ck_bd86132499defcd0,0.009822115856434391
ck_b95fbf2b5640aa82,0.00879919647361589
ck_c530235393360e3b,0.03273709511250169
ck_be52a7ec43241ba4,0.06174480818282739
ck_d96eb3cc55f2772f,0.010723367205482823
ck_dd34f0a844fb115d,0.1942285442576247
ck_17cc7b411f448e66,0.0368479173445983
ck_856ea65fa27d06dd,0.03567640721420837
ck_056d5f0301c30902,0.17088933450453905
ck_e662b14b2bab23a2,0.16032465631998483
ck_209f574c8d92274e,0.025085063710676415
ck_62720b81617896cc,0.010101461340795044
ck_041614694b77e599,0.0141117114462009
ck_461e3f7b97db8d16,0.03993998985799485
ck_1b74b798eebeabdc,0.027049399238679758
ck_0ed2739384f1d644,0.0071377553977229865
ck_5a4d19f1b83feeb8,0.0014539932124751139
ck_463937167965a1f8,0.027306053268763158
ck_9d7151dbdf100e0e,0.035643877785801026
ck_20a7d1ce6cc27312,0.009447998289377438
ck_6031211ff118cf0f,0.0006256031532315064
ck_a6fc92aa91e99b77,0.5152865309870779
ck_0aaaa9d2f75a0518,0.0008385466556154914
ck_ec26e327cc1848b2,0.00441722545413674
ck_0e6bebf8ae9b9b03,0.029742201902492382
ck_e107537a4cb738f4,0.0062479254162037656
ck_e8ea56e122a5a487,0.023644407544677812
ck_98149ed45d38c4d3,0.05634193346070774
ck_0e719b3a6906b8f1,0.0005824010786618109
ck_0c6e7bd357e4a348,0.0009041542845035006
ck_d3b2b250da61db19,0.9661073176706547
ck_8bb6b0a292754576,0.23966559357206124
ck_87d70f5fe48a6128,0.05814335613796054
ck_ea9edf9c107d429f,0.013475612100127139
ck_059806c52cebe4f1,0.18245481377133677
ck_a72d6df666e1c21c,0.010384970026122944
ck_1d2b80ab6c4944b9,0.005527904957196379
ck_60557f077abc42ca,0.23422780969306667
ck_e5f5cb7dd6ce4a37,0.018291767253758015
ck_4c4a939154446053,0.0019564177232382703
ck_50ede3eb561a202c,0.017051327976852788
ck_6d03a542922b2ae8,0.010548366868750653
ck_d6fe761ed0db3270,0.03020268921271946
ck_7f0cd6ea3096f985,0.003500230255985494
ck_23edb6d938a3b87b,0.0038392152109665693
ck_799aaf9f2b9ef621,0.009474029792348628
ck_f8f6a03613b6dda8,0.0031134510034708275
ck_7cffb189f4f514ec,0.9606465541599961
ck_c081e1967dcd811f,0.04150270140917207
ck_583d6ca78c97d91e,0.2708200661130038
ck_9332bbc7125219a7,0.013366972265172862
ck_956b5af6d7d86c65,0.6372021219660184
ck_2d634e3f24681c0f,0.03728008884738032
ck_7b35d218ed0c5a60,0.010419679028689625
ck_ca5b1057f8248f73,0.02716296035590136
ck_ec5ea81cf813597c,0.004859921143896341
ck_eaebaf4d28400fb8,0.027715907747720786
ck_ae2ab6be219219aa,0.0019428463655514353
ck_d99a8b4c820eb46b,0.008707034411125771
ck_bcfb7ffb7cd428bd,0.008992428460296308
ck_3dd542c2d31be2c0,0.016132168199923032
ck_c7dd84401e29a7fc,0.0007135062898782805
ck_c4bcc7cefd40f8e2,0.0010123173356013113
ck_c251898b5d51e3b0,0.010477827143803846
ck_36d37be780c1291c,0.0015663657828114356
ck_99b4f266b61ae7ee,0.02906878523135737
ck_c37f03995f0f0169,0.001153586816010171
ck_65a23ac8e44eb901,0.004745353060372207
ck_644b1c1149eea9e0,0.014071889234608
ck_9cf44eb0237c2429,0.0030831000517062886
ck_20541686a94fb71c,0.034552150761569714
ck_c18245be844680f3,0.00984008641076173
ck_56de216eda6b7fa6,0.0011572495512386545
ck_406c4442dee45cd1,0.0016973057979425415
ck_df1585c7d72a96e0,0.003783861132591252
ck_b8e8dba20676d87b,0.04948274810542356
ck_0ee6965e68efc177,0.017544066262058986
ck_c2a5c54ad8d0d297,0.015412786418943773
ck_bf6fb7e6470e95cb,0.0008722576854621879
ck_27fa694569140345,0.0010975129951107702
ck_e04166b0ce66393a,0.010869928618410333
ck_8742114f4f0cb22c,0.3119027009031329
ck_6eceeafd56b42576,0.14170435528261172
ck_34f9951b0eca1965,0.022638313355554208
ck_384ccecd342a24ad,0.003393512717492627
ck_49c98bebd1338879,0.0012875239875848555
ck_6c26c12071c91ff6,0.012219411735710551
ck_01e5986ebb9a78f1,0.026113544708533734
ck_121db7ba3be29ee8,0.0197210195331657
ck_039e6d5a330cea1a,0.209199796532282
ck_ae8c9163cf957d7e,0.010460499206237855
ck_3f5e8f3f1df0c8c7,0.06277752161017552
ck_b1c51fdafcd80122,0.02397893066027279
ck_12e2b5ebfe8986b2,0.006437596993071503
ck_d55eb81a4d543c59,0.027525118749774074
ck_f85155ca5c312c7b,0.050568769680414155
ck_133d8a1ac7c0e301,0.9903300272963285
ck_04212a9bb9b28696,0.9975012924302245
ck_4cc11c7d3ca61f73,0.007862014802546599
ck_2df4854186ec515b,0.014287996781175113
ck_aa9b28e7fc43af79,0.5552906225344854
ck_47cad6c3def4c9e4,0.0021739606721312135
ck_fbff7b5da8111567,0.0067220934182240675
ck_bd25ea782e375b22,0.031991750355137114
ck_7989376f8cf64a9d,0.01827928665122212
ck_675c0ca1ebb1051c,0.006722947439454466
ck_1436f6e11d4008f9,0.008989606665751555
ck_812cb3a4482cc618,0.012316489293359482
ck_6e606f73a1094afd,0.015541101277927087
ck_1b708e2a4a0584dd,0.014713299163187112
ck_a60d6b324bae0330,0.021112043650845062
ck_706a4f673a9fda3b,0.526639885111473
ck_a75ece9a9044eed0,0.0019527746755905538
ck_9aa45c4e03c8c57a,0.040308909167203366
ck_9fe9bdce982b312c,0.013041259167740423
ck_c6fbdc5ba68a8466,0.012691400684134789
ck_ed0cc1b1c28f9511,0.02211413872816138
ck_a4e2607b4c8021e8,0.0013987430129867033
ck_e02f93f51cc8caf3,0.004864913268095266
ck_7084ed3cf20781b7,0.008860321418118964
ck_cd4c63155570d6ea,0.0051508388391111395
ck_d1b9e5d32d2d789f,0.00395744497595496
ck_68f56f6560a7a933,0.0016426847118718372
ck_8bedacc6233c6269,0.03351625852366289
ck_ab7cb50407d6b13e,0.024765944500689224
ck_f17ed7e0fd687742,0.0829334531845614
ck_b0fe4b92fc70f72c,0.0010623306003734957
ck_84d62b8196da2452,0.026274770553994208
ck_9e298cae167f4693,0.005465895568283932
ck_405b20ef9ad0ba5f,0.10987004270564557
ck_813e02e1ababd177,0.025163985346169544
ck_f234ab47061ba7c0,0.0009282191598311972
ck_22b587c18363899a,0.022143158619318905
ck_4e862c2f48c38aeb,0.002517262576537132
ck_b89cb90a420c9075,0.0070399809150428405
ck_be2251640f27a3c9,0.09749345139068347
ck_46bec0bff167ed3f,0.02615775007374236
ck_c0032232c2868328,0.008995722311229705
ck_030cf09525dba4ba,0.006296058952072461
ck_6ecf56236789fc09,0.9579756827646605
ck_38d4ed52cbe6d123,0.035224908532193976
ck_2d923d957ffd4d53,0.013913282642933454
ck_3af1eb88728ed8c7,0.01796422572058432
ck_2f8120ca80a1592c,0.012148503367786157
ck_6cabb1a133f0b151,0.010905188716180538
ck_bb6cf7e7b707731d,0.741933288474861
ck_c8307fecafa90140,0.02339736354990781
ck_75f968be67f46d24,0.014686927963869667
ck_df6fe4ec5a233213,0.0015003936994133704
ck_b53e88c0e927d896,0.0009011278965873121
ck_f0093064aa28f4d0,0.014008280103886455
ck_ec9976cabc63ff92,0.0025385776353727724
ck_30dac0a58c5590cb,0.03219903149467198
ck_348a525791ae6475,0.052257289254884154
ck_b898d912d1181ef9,0.009423343419481554
ck_f5b1200dc6f95760,0.043764040466911326
ck_54978a073e7a0b1a,0.005412641648889493
ck_55933936536a4071,0.0046150976399516085
ck_d6ba7ffd2ae08863,0.03588275751301666
ck_404e2217fd87fdd2,0.003517291106587097
ck_dfaafdaefa5716b6,0.05154917546935829
ck_556c62e92d4e7e5b,0.04935990559712617
ck_7ce44f4e06d58111,0.36112971603810645
ck_465cb8ce232c7670,0.011065914019013887
ck_237508ca4fb37268,0.11746505421044684
ck_ba4a6b9aa63964ef,0.04107791090648589
ck_4802a0a7a1882c88,0.27150721934945127
ck_9478dfe4114c30f6,0.0052999138933357256
ck_5138f6c575dec64c,0.020331395595405942
ck_aebb42afe430e2e9,0.006298864337032197
ck_004efa95555437e9,0.010178958630447477
ck_11af112667c98394,0.006692495254915028
ck_44e9a18a8645c9d3,0.0016473259376081333
ck_2605fd571219e28d,0.0008174659752549756
ck_dfc933493561d84f,0.005443440514456663
ck_67674348e68d1f25,0.017876142926916597
ck_dd97429277a2fa00,0.034295536770198996
ck_d3eab7a06eb48348,0.03493163140211315
ck_0b9fcff9667ec05a,0.015436161241958034
ck_fc4bfd6e739bddea,0.002547893233033968
ck_43292f70a03ddf2b,0.06002252490101444
ck_5ff6108056a3fef5,0.008915983410697659
ck_767e0be086b5f601,0.051906218213707486
ck_b8465b1a5666155b,0.029090039808537287
ck_ab2e3fc56f5b3aae,0.031139259954099784
ck_1833c81d693c1e07,0.9880626442135303
ck_0308e0602b856445,0.003140937147722096
ck_ccbdfe744acff8bb,0.032425994159815286
ck_b294aa27a0b586d7,0.0017034307219008261
ck_a3747201f377626d,0.9772987145717905
ck_edde1d7d1db24725,0.034844486432885256
ck_ae3b47d6e1063704,0.012617387583363712
ck_3aabf5e0f4defb41,0.019353095035458703
ck_f034adb57391f3d7,0.02842914817377759
ck_533672fb40531607,0.11306316198603102
ck_2a244f1ae08ef83c,0.017839732097926768
ck_a35d81bcc54ece2f,0.005475510122909628
ck_78a61215675b38f0,0.013048247689558912
ck_e013d88ea7939616,0.030871007137594678
ck_e5018f9418e0102e,0.038040445724462815
ck_d4e024fcda401a31,0.00253344978408034
ck_f736cffbdb82db34,0.0006376702778398626
ck_1507f5aa50cdf3a0,0.013375747708026601
ck_18270fee7c8fcee8,0.00994317566711918
ck_95ffa1a805a1c9d1,0.0006739657616651814
ck_11132d245b94d045,0.004354156725797542
ck_7b93a622e40d8b14,0.03703154698280966
ck_3854c08d17704347,0.031719262684864774
ck_7717fcb100dc4b5f,0.013246099357117541
ck_ba54e0a1c328119b,0.28662883232132946
ck_a7afdac4ecbf2de4,0.5900426307521273
ck_ecfb771ed2352085,0.007605515177954229
ck_68be4fefc85a6b64,0.41019464562194574
ck_dac7c50bd6d0148f,0.0031431647541131555
ck_87cf36a03bd63c24,0.06643125104710697
ck_8adb40b168b59d7c,0.05256183371513302
ck_8d2f62930777416b,0.0920586906680456
ck_9958b58da9e3c21c,0.029096523516000335
ck_9440335375701f44,0.023045415362237066
ck_e2f88e202b6f700a,0.024931125323229247
ck_4c7c50684827a2cf,0.014019362892717921
ck_8a6ea4a79b1c7a8e,0.01420740623390181
ck_186dbff4b24a3bbf,0.42181699120770444
ck_220fda3c11c59b6c,0.050728879534732985
ck_3acccc69f8b1fd14,0.04727329634144381
ck_9de191bf79afd676,0.014029272446550061
ck_6de6b1663f9457f4,0.004020512941068192
ck_062754f8b79b86e5,0.0012072123996407216
ck_aa153a89a52f7eb5,0.036701060732813325
ck_34a6bd3be642f15c,0.022271265024163125
ck_9371c700d9830326,0.025997682550340205
ck_a99e0c258ad7576b,0.005735870110433948
ck_0a7ba51d626e932a,0.016105120959996888
ck_852c50bbba1ead13,0.08488356238474748
ck_43dc13b6b6d31297,0.07855382130039537
ck_7d81b59d615a6649,0.051395955252363554
ck_39a3f1da060e88bf,0.017629713036936466
ck_6fb2d142c09ed3ed,0.07914317597773374
ck_6e5752b87324b58c,0.03123693161823631
ck_9441d48a12e8a4bf,0.03153452344815932
ck_09e9c51eb538b255,0.012325535246213645
ck_8d0cd981ed3a183a,0.028113120855818206
ck_57c07c45269ca8c0,0.0020385171152817044
ck_ccfc9ab888ba933d,0.010672049317870747
ck_9658a6ef471053f0,0.003789855877581642
ck_dac3852758f4ea89,0.0008602332877468109
ck_b1ed2278f5f14d82,0.04665757224755386
ck_333544d173524f70,0.04925317938527762
ck_fd4582e3853ef23f,0.012837816228004595
ck_614d936cef98db04,0.0026317196826867455
ck_6bc351a3d57aac54,0.00666220110468687
ck_af5842fa7202ff25,0.003829172986562931
ck_81307759252571be,0.008138610283128187
ck_b4d2f02d2cd45720,0.2430818323519103
ck_1bd753a4681946c8,0.8962504337076689
ck_46d8c029d46867b2,0.002063958587547575
ck_b7da6640fa2f49cf,0.09020002687129734
ck_9ea3d5a5a91fef9f,0.15671154318319502
ck_7b922518f667f76a,0.0008368135283597092
ck_2a5b31594206eb30,0.6898545845152925
ck_d9506476ad3f9e08,0.017158968037909988
ck_c8791f7ebd4d93c7,0.016171018782980832
ck_b5a3e20fd210017d,0.01437123304343517
ck_8e54386f4fe22cad,0.018803787903377788
ck_75296704f5806f56,0.03773299239238321
ck_0fbbc7a6af300368,0.004959134501472117
ck_d19bf4dc0627113d,0.002851351465803345
ck_7951bd4eb99a0175,0.0011550092441713075
ck_059e4fac6b7f704e,0.008440163825280305
ck_2ce8931af02a2ce3,0.01080150622430233
ck_9e665618a4860306,0.002507599954783908
ck_6fce5a893613fd2c,0.00036015199445186234
ck_9e3fbd04e3532f32,0.1905681739414613
ck_55f2ef0de3420e3e,0.019067370122741647
ck_8d87658a6f5d204c,0.6469757080105659
ck_6d6ac1f5dd882aa5,0.0017648418318251717
ck_55d0c7012d7ef236,0.046262315317742254
ck_7738eb085e5753d6,0.003782262658201435
ck_0e6e05c3cc8c8242,0.010755009833612042
ck_8d27ff8383d48132,0.004040660470934958
ck_9afc3bb849f3a64d,0.016084891736009715
ck_27eb86a9898cdfe3,0.0032347814560502904
ck_1d40e4fc541abe93,0.049885045375110196
ck_4fd9dc00e1913587,0.9969477943985016
ck_b26cdb2b7b165d2e,0.042175037178435605
ck_a79a27767a02e31f,0.01417205250529264
ck_f0c18cb9f951a71e,0.012628059357417131
ck_50460e0189de6274,0.915215077917963
ck_5e5280539257c986,0.012006893060458825
ck_eeb854318b3a6f0a,0.01736165451887822
ck_943f66f28dd24750,0.00040790023734298917
ck_984dd7452aee372d,0.05789055810561636
ck_ecaa6de0aca5e9a0,0.020417086523300425
ck_8f1cbc432e2774f8,0.03356238241335641
ck_d91d9f8445b9769a,0.24677905300852815
ck_73c18e03e3c7612e,0.0024941200119111963
ck_aded05ada490da20,0.010287638794727756
ck_f744e208183971f8,0.0009101202429146844
ck_02d4cef6358ad3b7,0.007403750487402944
ck_08ff5bd467226a5f,0.0009327841786121498
ck_f824b326d5089885,0.2058936502363414
ck_3420f2fd520890f3,0.003010151842062391
ck_1838cf8d00f5b1e1,0.008340548175867527
ck_a85182ad90b6f1e1,0.0012066606210866674
ck_fecb39c82c43e76d,0.02747987113769911
ck_162513e73782929f,0.011861504042416152
ck_2c27b77c59d8f23b,0.06146064033355908
ck_4221e07b17388fd3,0.06206283113410334
ck_adfb8472d5c3d669,0.01992185957365496
ck_0742fe64055d686f,0.0017255230245195722
ck_5060aefcc8b6f958,0.01422799749175378
ck_643f549b4ac78a26,0.2080068974240723
ck_dba767885bd6ad69,0.015441785258630684
ck_0dda35c0c64c7073,0.9909298827570607
ck_38ea56d43afa5660,0.02683722875059691
ck_d813e15ac91f487c,0.07394703822247786
ck_4c840e5585a7b167,0.07593450420087709
ck_cb8551453a7bb929,0.0108983446278169
ck_05a00b1dd5a03359,0.01179445236531235
ck_837cc7fd48453a01,0.010215483424858651
ck_49dd816b31fba6b6,0.6470632024594335
ck_86a61d9a39768e87,0.06669898856824177
ck_cd0e76f0e7bb38cc,0.028064909840701723
ck_dbe58392635133ca,0.013544155839484194
ck_3caec7dd6f8d02c9,0.07569155213105014
ck_bfd9bfc5b6ab4a54,0.19608417335326084
ck_2103399bdb2898a6,0.007414221722715432
ck_329f7de7279e74c5,0.009414281226150184
ck_9bf0d28119fc42c8,0.02769769564171872
ck_f781539b1042dc83,0.003468029050006755
ck_9986c7d781ac6b4e,0.014454790571521188
ck_a627734880aca848,0.0006712700616095518
ck_2106e509d77fdb4a,0.3167400900046808
ck_420d1a9c604293ce,0.009141528204289123
ck_fce0610c527e2b56,0.030822106870619047
ck_073da541ec3f9d3d,0.038730043122037004
ck_aa5f3ab48c17fed8,0.12449139908507219
ck_0fc1086e1c9e04b6,0.007325484279292974
ck_5c33bb46c1a5945b,0.022519621343472494
ck_500948a8d4bd8e13,0.026939805663313904
ck_19becd44f2c3d2b5,0.00441292133306167
ck_7d0fe77dd5ddb656,0.018975440169594612
ck_f158d9e5f101bb35,0.016066560002912317
ck_cdd7c77823c2257f,0.09182737452808337
ck_6c7b41374f9b2e55,0.012826223245600319
ck_417090dbffb1a63c,0.017602269817718504
ck_dd0e17605f970319,0.018030737244976544
ck_3646515079e6be55,0.009745866854359886
ck_89c8b06aa8c84b2d,0.10152950211138011
ck_e4d6dedd97233c07,0.027610246933337173
ck_bc82fb1895fddde5,0.002251096345541144
ck_88a8b1d442ca3686,0.02581858253274994
ck_5791f8f76a629a4f,0.09534452212133586
ck_9cf5e88e97c8c7ea,0.021655276562422318
ck_58fd684aa5a6f289,0.0006453045954792988
ck_9800c21dfbd8e811,0.005482114437364407
ck_8ae64df60ab6ccda,0.008979847343677733
ck_e535fb0f0c00418d,0.09215026172727163
ck_48011996d54855ac,0.5671375441479223
ck_ac79c72a8fe3fdef,0.20156075175950675
ck_b8cc2df5192bc49b,0.041817965445445325
ck_e96a5e1f08f8a867,0.0024613697976198787
ck_84df6770549e43fa,0.0021308670043982355
ck_e5f7b99ba6ec5767,0.03704474663280183
ck_8347455ab53ff620,0.009006038739851244
ck_a84f2cdf695a71d6,0.003915224516508107
ck_90456160115f9ef4,0.006097003572677895
ck_ebd178b3f3a9c50c,0.03919558377769244
ck_e1140be6157bacbe,0.002149447606179617
ck_744ffc11d32b96bc,0.006296385564005322
ck_e12a9f7d027e3387,0.004485850601447946
ck_cbe525da0b69f18a,0.014558056084147283
ck_aa59702537557ff1,0.02130787185421002
ck_0348cc6908f7f3af,0.0008839616629049916
ck_120e995d50956bee,0.0503076593643684
ck_9fcde1ff46cbbea5,0.00038852693075201066
ck_54b0b070689c50d6,0.0011407788389484106
ck_966a167758fddfd4,0.035811028460944166
ck_d5194f2e92fd6427,0.005198811879433963
ck_2ee84f3fa27f2cb8,0.006348060991469676
ck_57d0a7eb7eae2eaf,0.07529814545527416
ck_6a2c4edd82e10969,0.001346104930896317
ck_96e4d38ef670eaff,0.017750328741837688
ck_52cc2fd5095b169d,0.009868096614018643
ck_4b088920f3a844c1,0.05539253637572681
ck_8f3ccbd20d59f1f4,0.003068150736608306
ck_e5e5dc431bed6f9d,0.00949200256228778
ck_e8b5bfa6838e28d1,0.004193008622528779
ck_4bfeb78b47b7c6a1,0.027267823359416327
ck_a705c61bd679496f,0.0023425570405153197
ck_731869a0c39cb2fe,0.053999070773691746
ck_259eb102342057ea,0.0021512453729026714
ck_47a6005fabc33551,0.0017608878451854612
ck_682262b455a9edd4,0.001469021706246724
ck_e839d104854945f0,0.0016301171555309587
ck_761989aa4c47d746,0.018715589191106687
ck_44211dc210139ed3,0.019587169993386905
ck_9915ceedf63a5289,0.11733805759511762
ck_da59ab47cb6284ad,0.0018939350286617097
ck_e5cdbfcca2456652,0.010727127335277472
ck_13f2560c6a1ec62f,0.007648664421216176
ck_a0543e9b3abe1001,0.09377926243467925
ck_11c7a58e09e6547b,0.03401147819259888
ck_69587a134d43a4ad,0.1314201017345963
ck_28dc0de0ae291f37,0.02451199996529246
ck_298922703c5bbe05,0.024969735521545754
ck_fa5ba9ed9ed6a343,0.03073728332234081
ck_c08e64d424e56c05,0.03834094249329252
ck_598e036a28262aeb,0.03385215503532908
ck_3f7c870510083a51,0.009985092950674212
ck_364f8203a3e98d36,0.8326307797542138
ck_7333cedb61506ead,0.01969394150165843
ck_1d96d7fd65f208b2,0.017322070629504503
ck_63133a79f23e2627,0.5513714378242028
ck_901d820e0b72abae,0.0017518682633557222
ck_5dd80b3c01457bd8,0.009004300874427024
ck_c0b8067c144ed6c1,0.014422441493991783
ck_cebb8aa8c8f62c60,0.0029437609893666174
ck_79749eca42ff1f5f,0.02504965292773752
ck_2cc1d9b587f6da31,0.12602571682976602
ck_ccc7916b56d42195,0.0058289638275494165
ck_e43e53cc7b8b8e41,0.08072493643693966
ck_4ab74a6e7450416c,0.003153250833303371
ck_6e44024e9de301c6,0.0011956974913692369
ck_dd78cb6ae2866cc6,0.027122658293753554
ck_c363d3b050baf3b8,0.10048628732747408
ck_2d46291975f0dd08,0.0018010733632343465
ck_76ebeb5aee42f041,0.05569690093141601
ck_8395f004cf4d4c08,0.0016353069749405916
ck_de7259c3741db179,0.020488311920229006
ck_3938e92585df2b34,0.028512257625893326
ck_af69bfcf4f07d932,0.0064818646778758236
ck_1723900ab9afe374,0.09732499020522625
ck_3d58628d1c853c8a,0.0032809406229443536
ck_12a074db100481cf,0.08626290685246532
ck_8716cbf892c50e29,0.005254405309219205
ck_fbf7351958ad9615,0.012404835414749684
ck_a50370907e6b397c,0.02756030308651842
ck_937402a60df0821c,0.0012640627248874982
ck_8ce9c5807acbef48,0.011092565257551205
ck_acf7d65eaaa4c31c,0.001158411932483583
ck_ec3eb6dd0967cac5,0.05275502563598436
ck_fc832b0c90c9bdb9,0.4707941748519461
ck_8129e81cde280131,0.00915882571720018
ck_52c0ef68aa2fb8cf,0.012176697556539422
ck_06f042e9b1b662fd,0.08253900228902586
ck_0bf35dcf7b38f650,0.002115670642580116
ck_615763afc2e17a7f,0.0007261916083803436
ck_e72db9d4b2fc9997,0.9634124228141512
ck_13757bf0eeb353e2,0.008626706297883658
ck_abaf371ec8249c4a,0.09709112910134345
ck_9b7167da0920c37b,0.035110193206665245
ck_2e824b0b27494a17,0.016509681619188223
ck_9a0b605e9c3220c4,0.03134344209505697
ck_a5276af466b681de,0.001114687429247374
ck_9e0383e1fb6e214d,0.06745641164691239
ck_6a27c44b691dbfac,0.0020336521707385083
ck_af39767cf583905b,0.017026148727003403
ck_243b1b9fdd3f9a74,0.00646250563320568
ck_c0422e638a9c6046,0.023135795984232
ck_e0f3ea3373dfc4aa,0.0372028505943945
ck_d56ee1654378ffc7,0.02881125114482507
ck_20cd2f5666719baa,0.0005228597139255092
ck_4dfa1c1e9b69fcc8,0.006426064670036024
ck_5d22e9ca1d15180b,0.2720179167591192
ck_f4a7ac178fd55f0e,0.0016031261262862203
ck_fd5609bd23a1eaf8,0.00624155791755639
ck_49c3bf13dc9471ce,0.02354310491766244
ck_724085c3452d4693,0.1549970717387337
ck_e5d1462846154a75,0.025106901730994217
ck_c69ef0f3e7d6acf9,0.09031990398915724
ck_a2d0417791d4132d,0.012966557424226425
ck_00a07fc2a9183c3a,0.0010012722024777946
ck_781b8288e54ba8f8,0.10931835106548075
ck_d74a62ab3804a81b,0.005955224178010791
ck_abcbde211b6267f8,0.1296702784457544
ck_16dbafc035574654,0.0028810578319701323
ck_018f780215ecaf38,0.010708495247137835
ck_0b259620eac51618,0.005576244223010616
ck_4f875342394c110f,0.050475439768475135
ck_399e45e5fe9beaee,0.013419317979798005
ck_36224a2d394ebfe4,0.04779234851726353
ck_c189b551bd111332,0.000796322292707544
ck_125c5a720ecb177a,0.08986237772786924
ck_76d010aa02eb477a,0.0010843951292046762
ck_1071d14c46c92379,0.14306506398215849
ck_61d244b2cde483af,0.020137404680972144
ck_2ff1860da2004c84,0.0013622270001915127
ck_c5b583490198672d,0.01260364252449667
ck_1294f7af22fade11,0.17775074233031624
ck_e3a22799716df39d,0.0011538420533759453
ck_c77e22834ef97005,0.18443675030723383
ck_73d3689728270a2b,0.002270999821988686
ck_295565fbf77ef885,0.004417266855990852
ck_80c0a7f54ff4895d,0.007955985526182353
ck_f1ef5cf7f10b16c8,0.052138142733190763
ck_a958b2461ffc21a2,0.16659542594194104
ck_0e7899a57cd617d6,0.0008375075097099923
ck_9d4fed252718f58a,0.03945121257970031
ck_83c2c34add971d76,0.0016743925173158414
ck_9ccc030ba2de9fb2,0.01943099262900914
ck_cd691e3466fb3742,0.008707431151710538
ck_49df70f908dfd069,0.03903776156104629
ck_362ce13eec1e33a0,0.008941443678998314
ck_2452a30397dfc54c,0.011153828483901377
ck_a443d49c2b4863b0,0.01150338797839086
ck_c8b2e2cb349dd0ff,0.006646297482527993
ck_354909fecf5da8cf,0.019130535789178067
ck_841f598bbd54c83f,0.03817691338864675
ck_cd6fbd4e8724f994,0.03593025127384889
ck_e0b3158111370118,0.022503855467439233
ck_4c2f2eb657c2c60e,0.0031561561244283854
ck_ef346071f0b7654b,0.01045573625010545
ck_f3bc10e3decefce4,0.002417718171167668
ck_189b6fbe9b9192e7,0.009425339329437859
ck_5245cbc5ff4d4fa6,0.02041406453606066
ck_cb42e3be6fe87f60,0.003811799280769915
ck_966d4d713cbc7792,0.000706561487355009
ck_1c8c969667cbaab2,0.7425670656968988
ck_d35e3aa9ef5d405e,0.31282112735689943
ck_a1c39df50a5873b3,0.05331924395284318
ck_a152165caf295b51,0.03355791840665379
ck_891eaedae139828e,0.013388765694165783
ck_1a46b56f4734d52e,0.00376029521536383
ck_5e36042cfad96c99,0.25803491628445824
ck_02a8582c2603e675,0.007824738819859114
ck_6def9d0429e4ed4b,0.04058850342792278
ck_e137400825a1e3e6,0.018120575237077424
ck_d91ab840848a54fc,0.0019155690027881534
ck_becb6e1c608e0078,0.001214145023373301
ck_6fd8c86ac719d7eb,0.17762080951864445
ck_3ed4d13f12fd9d0e,0.09868939577533183
ck_007337aa99a4891e,0.0009345630072332735
ck_60c3d8306527a08d,0.0010683988903708451
ck_95458880a54df0b1,0.3389532723574441
ck_b48cd8593533fc1d,0.655745949776627
ck_021c6a4a7e3f1f0e,0.0024558827278353536
ck_764d40f865e710af,0.021695805292524385
ck_4b84357ae8ec7777,0.006564787845182075
ck_3397c7856b4669a5,0.0006875240367977064
ck_920bb003b42e6310,0.0025237394508632
ck_8f59f11b512d5b7c,0.15630881671069363
ck_a3acf4b986afa98b,0.49651218371711164
ck_e89d25ed7bdeeaea,0.009748719766477447
ck_70e6bca473bf6902,0.00915736894334704
ck_186161ce152836f5,0.014559515726842163
ck_9191579254663f5d,0.010779352555379875
ck_1e6628879e9d653c,0.014261896489925513
ck_b498fa91a0776ff6,0.011736999747025932
ck_cfc2384f22954830,0.15796854021691514
ck_17673a1c2867888a,0.0006485081728680119
ck_523dce06515b072d,0.018481665325334448
ck_c20638a325ead2e4,0.0020319071140847806
ck_d3877e1f907cc148,0.021310592530351908
ck_e9a2495dea8675e2,0.019443193365643964
ck_7e561caa5fa1f3f1,0.03527073014675949
ck_455672e652fe1abc,0.9004259101924199
ck_7f8f864fcc90ca82,0.06302377607592441
ck_1ad36046aaeb816c,0.01337667435725748
ck_de056e37c82e8e00,0.023288866676962172
ck_7484c214c889fe7f,0.018917214374668572
ck_32430e678c4f9f53,0.014140525662189091
ck_6276ece8f80ea799,0.010492033989755706
ck_ae8e5dc4b725bc25,0.0832572281429405
ck_f01be92dc78a2dc7,0.054060442660636546
ck_233397a8bd40d38d,0.01220416179911225
ck_f8124911450fdf31,0.7440694705636216
ck_aa0a3179f1111674,0.0019397341942295086
ck_2366b29ed9887a5e,0.0024311729578935853
ck_1f22f04dfc08cf27,0.01627956470119222
ck_b62276c3426d680c,0.011735020047204692
ck_d099fca88691f66f,0.13191762334445117
ck_166bd1dcbaf4d6fa,0.0015202569669188544
ck_7b1660e942436e12,0.022323582926938847
ck_4a9a791a1d409a3d,0.01935512971891545
ck_b003e5b54df65db4,0.014472974589336053
ck_64b4dcbf436f0b75,0.010573191298334906
ck_26e9a7bb2061a58e,0.056181922938327515
ck_08b77ad5f8f73007,0.011453168206242217
ck_366616a725afc6bd,0.025890369419502384
ck_934fb5064b6eefe2,0.0015989877452671386
ck_c6abd5d57b1009d2,0.002557428572549082
ck_edcfa9e1cf29d813,0.01878248385866516
ck_c30201ebd003fdc7,0.011625764097531884
ck_c54643d94d3ce355,0.045933731121263165
ck_02adda6e91e49650,0.028761877472324053
ck_5b73d7c5255e58a3,0.06194611927192038
ck_129ffae92dc01408,0.003175998574375825
ck_fa321945ebedb916,0.05180281984912137
ck_8da980cb2e1e2bfb,0.014712921824206337
ck_0576b00d728bdf19,0.036924376286191884
ck_c543d82e22b3c8a5,0.005711753428120166
ck_0027ba644f9ae2cd,0.12362836315310152
ck_8dbf61df902a6bbc,0.0036369166469914197
ck_90eeca1cda79fd41,0.0017163513567756135
ck_86d7127391d4e01f,0.0011478812964149517
ck_73762038c7ff2f6f,0.003646689718108431
ck_a1484e6215fac651,0.4964958075519457
ck_cb83b9f806e90dc6,0.09611680492210539
ck_8c6f059c95872126,0.006289661478722461
ck_3174419a81e7caf2,0.002738099451614532
ck_6a0f8f8fa4a3c2bc,0.02129827215072137
ck_b5777605668bfca1,0.0017456190437091597
ck_27e4de495abb4d15,0.002115430909495115
ck_7f6fa79c7a107161,0.031034531981303848
ck_c36ed9f8e6792ea4,0.028533963423318313
ck_67a1aa88d2ea554a,0.04459652833392934
ck_09748dfe4df3d540,0.0033066705730374728
ck_27fd85b1e38b675a,0.002031887256569629
ck_2369689bd795ee10,0.009088728652348051
ck_4eb1c12f7d092bac,0.0009447903278674881
ck_01fbafc42c8e33f5,0.01821703376345668
ck_93c4e05699b3b7d0,0.012343673492122351
ck_afc484d1b6907983,0.005065422027656326
ck_1b2d9cae92a1aab1,0.09153480886617497
ck_73b729cb161487f2,0.004781895929817397
ck_fe3c1d0ac090d960,0.0633467892546608
ck_408efac1d3885ff8,0.058757761231896556
ck_ccb4dd9d0a48a76e,0.003307433743563201
ck_2987eab34ca7805d,0.025107151031053713
ck_1dbf1f15193197db,0.14758631261924393
ck_4ed711fe4053e74d,0.12485211907873081
ck_6c54adce174f45f4,0.003562335690137137
ck_a6c740041faf0bd5,0.004338618091452022
ck_b05c4d33c4f43639,0.05837674191922389
ck_032880f1114dd51c,0.01716664289598795
ck_22311b037456a76e,0.0008718565177293034
ck_5866b413549765bf,0.00306029680491368
ck_0e808afe2570ecac,0.010277839088827205
ck_634276b05f4381f8,0.007097727016952386
ck_5d8773badd0d4740,0.012259101516909407
ck_82b5b79ce3517102,0.8799992696284769
ck_b378b8d8100ee4b1,0.02021978726232771
ck_54e581f71be5430d,0.0022735743621196706
ck_798ba4b8aa544fea,0.003530907002779493
ck_3fe86b6331ff95e3,0.0462010751044314
ck_81275d9d4c559e6f,0.010296217604804822
ck_99a4e5ef02d89493,0.03962067070061525
ck_54e2eb018d947790,0.013578331902225276
ck_966901ea9c77cc02,0.007331540417716109
ck_27d69ff4e0cb428c,0.31620826483563697
ck_2cee2dd7bbfc09a0,0.66967391418053
ck_4136b00924695ab4,0.00030915602731709313
ck_59a164c40c03a45f,0.009233576601854903
ck_3e24b026bc66789b,0.0007976867161376752
ck_8105bcf69a75ee47,0.008829661080569925
ck_7a1782cefe26a456,0.0663024121828411
ck_970c7dc195161272,0.0007790500065995574
ck_a48ec0c00ae20e82,0.03546424871304048
ck_54b374ade34e1dc1,0.007395041807067567
ck_74e5dec189761d14,0.0034254394883886153
ck_4717f24f2c6f40e1,0.08042198812334365
ck_fc8cd8a8209e802d,0.0106780273113798
ck_71db4131d7efe218,0.006710994278222092
ck_45424ea6f0bc4650,0.12642481359496344
ck_3716c6181a5035bc,0.016863850078206732
ck_26de14b96bdad4f6,0.010869947303728927
ck_99c0a41ac9c73857,0.0018967978199873126
ck_645f15bbbcff3b4f,0.9549696953115276
ck_b7e25ddd41514d4c,0.023406426949656087
ck_d5c14e877ca7b755,0.005961770722157148
ck_05ea4440dac6cfad,0.019767835767219608
ck_c58bafff7b1955cc,0.017567963111678284
ck_f0cf85b67a9b840f,0.038562141831669686
ck_ce1500a7f0d03fba,0.0039114917126666145
ck_d4972a775aadbbc8,0.012031512484316272
ck_3eb6146c262e0fc3,0.002955509470583372
ck_afb23858a4ef42ed,0.9863613492185334
ck_2c1def5c91c52a5b,0.11086098004796216
ck_72e550559487b919,0.011372996033259334
ck_0284dc2b4f856b3a,0.1653419993866536
ck_03be334935e999a2,0.0057788540999873135
ck_e35a4b4a3cb4cedf,0.015307012303511669
ck_5abe57dfff4b735c,0.00788736270987246
ck_f5f87f772388efa0,0.03492199127875737
ck_5a22cb36d612236e,0.0035935728208733747
ck_8ff1e6028e764472,0.9830585790751021
ck_2ab28149b0986642,0.020518272715702834
ck_c88fc1bac79fa6d3,0.07106514952449895
ck_5b137d74bba6b1b4,0.0009455070788552311
ck_11f362dca2dfaf5a,0.014267367458356285
ck_7f960541e5174565,0.0029953174253123886
ck_d5458ba39ae94498,0.022843392618359895
ck_0a921a73a90c2e39,0.031369374625410174
ck_6ad56ef40086dbe4,0.004763407156489862
ck_b68199ecccf2350c,0.0012936333568190409
ck_6dac66c8198c07d8,0.010465437060138798
ck_9b9ce7bebc235fe8,0.0010360487038128749
ck_6b817117d87063a8,0.011810934297755085
ck_900d62b3184378c7,0.0047647671488777014
ck_eafe9b89857149b5,0.013437975968250896
ck_e74716a525ee5b24,0.002464657689521433
ck_4e9a6f06ab134102,0.012587481504528078
ck_b0d33b5a3716661d,0.0107782176400781
ck_8703543bf3134306,0.02116572109252521
ck_923d6a0f83accef1,0.02127389067673946
ck_52e37e2170532e2a,0.20749246950274242
ck_c1c5ea839c58958a,0.037080950531933256
ck_660f0006780e87e7,0.005366430105945325
ck_830b2c5d1818ac07,0.02776228818069646
ck_b080ff636932d1f1,0.0005503272637319845
ck_38730aace405f2ae,0.9936862181221062
ck_9790138467a06223,0.00057989074009529
ck_10de0b0d86b17839,0.004101181359358886
ck_c3e37a4d3382c32e,0.0022412345643011396
ck_dd8edfefa1eba531,0.0012557071448889457
ck_8153cdadd300d234,0.0009852976268194846
ck_74d0e7c2c6b63d36,0.9019167286409302
ck_c478aae3031bb328,0.007033687693352523
ck_cf301f2194975866,0.009089195681561298
ck_f4de03f44e3a5bd5,0.0033756580576074194
ck_b06ce826e593b210,0.03159101554010638
ck_2fc70b6baf6a0e26,0.003307352503954757
ck_d208494cf5c90047,0.04437913425076473
ck_086d29ccae565e5d,0.0012156409935488869
ck_d5ef6dc116dee408,0.011195247064819239
ck_fdf0c5b722d83464,0.008668749701081144
ck_de8494b13adeffb5,0.0054458534472417676
ck_556786868599143b,0.039854093810030106
ck_4940e78cbdcfecf3,0.01360555473050134
ck_d32fbbfe32c00416,0.015753590711720732
ck_bc7710f7e9fae649,0.0018383745756308711
ck_416f7ac57da081a3,0.032478108539835265
ck_6fb39b60c67d5475,0.0011443711015401202
ck_e40a156511345d6a,0.002075916138302273
ck_49ab879b5aa7fccd,0.17729666612288425
ck_bb643194d1cbc47c,0.9686876178253592
ck_b3ce8f1bcedfa043,0.0415836378953936
ck_558ebde8c29132a4,0.024639896834875524
ck_e6222925762273b8,0.029198826786484104
ck_bd80546b4807dd59,0.03504107539662637
ck_bd21164bd2bbb635,0.05296051636100696
ck_ea835557d7043667,0.009309334295599927
ck_1411a80a157ff39c,0.013338146599475648
ck_ab973888c20c9120,0.16637783691775232
ck_95b48972061abe82,0.0057404015750379955
ck_fc4a43f8876bf10f,0.2119740763408692
ck_f34fb7ccf82f41e5,0.010027544403649656
ck_5af9934a56801ac0,0.004722045142158897
ck_fc7445ec76389a58,0.2190208345078656
ck_1eeacc26f02fbba4,0.03424764416894982
ck_4f325dd15c9bd45c,0.02033500428207636
ck_5009a6c8bbaf15ba,0.05081256920032358
ck_0f3de7f074bb33af,0.0059826807006252815
ck_2cbc2f93a32eede8,0.030191339700717836
ck_4bb90a61c21a303b,0.008761232797144513
ck_3ade9eac7d7b0dbf,0.10235827908799718
ck_4859a58629622915,0.09313603635918058
ck_5fed957287ebca03,0.001571354447676659
ck_ec01ae5351500355,0.0012108733481426188
ck_703b41624ae6a5b6,0.0030714411470723502
ck_97c38e7f61c27e47,0.01729230235476546
ck_db2c0908150cb2cc,0.02885701357356539
ck_64ac5e6fed86ab60,0.9347813437932004
ck_da1c853b0a061e83,0.050658900460940993
ck_9a36916b60178ded,0.7601841677279559
ck_3715bfa7fed2c675,0.0035965705544005744
ck_dd3feb77d7d4f6d3,0.009124882265540693
ck_982ebb24174a4ade,0.002828336300195886
ck_f6b7a10d47dd9a1f,0.012252097279540072
ck_1f56fe99f250cdf4,0.01833737748246589
ck_deb3ac0606d6f6db,0.00542454389722871
ck_e666629e5a41b39b,0.011403490530300243
ck_756d2c13d02b3e09,0.04035803499873728
ck_7bc752ae7cf5d55f,0.02023863099783503
ck_fc0cc4b25e6a8194,0.0112404018844445
ck_9b2b0e286de78a1b,0.010983191352634258
ck_24b0803447211bf3,0.026666440867021496
ck_82eed68d05a42128,0.01907348779382095
ck_c8a03c516ed5b05c,0.0740517747982783
ck_e914974cee1bccb1,0.012213715375528613
ck_0c533ff2d0f9962a,0.023060785912635245
ck_c12805fa5d970a83,0.039035901625970704
ck_fc2cb29918631f10,0.13037631904351552
ck_c20e89afe575549b,0.0049073097781387855
ck_e1ff9e31becc27ae,0.0398141892373902
ck_18116d0ac08f1996,0.8495875481147367
ck_885a83975cea5e64,0.0021015357768994756
ck_a0c3059a959ba5d1,0.014148171366076975
ck_75257ca7d7da2861,0.06256239433225701
ck_2210f7a0d13bdbef,0.06839480983651147
ck_9cbd9ecf8374f65f,0.005357805486020512
ck_18f67c00ba21fbde,0.003085688410349622
ck_2d28f14d3973d8fb,0.0010327631017396902
ck_8b3401b44aaae728,0.006076185256866724
ck_9d8e9ef37797d3af,0.4120463537555826
ck_9f50920c894f64e1,0.023786600759805272
ck_4737e0d56c6fa0a1,0.01133092318857375
ck_52c311f29ca3aca9,0.0007330088313684378
ck_6a4981bc721df37a,0.07282502363900237
ck_823539d936c55fc6,0.0010496252523814237
ck_df5aedb4118020bf,0.9777475872871231
ck_a911a066ff0f7b56,0.03591858108584129
ck_684609767df4a14b,0.05727256197985665
ck_f2350bf355dc919e,0.013031732776071399
ck_8452b6cf97c65a5e,0.016489516744380442
ck_084cd84501012218,0.5499764312771697
ck_ace6b72e5bf3e93b,0.037203822456582526
ck_2afdd69094c955c5,0.05171576602958847
ck_fa7d5be26bf7b31c,0.17475335479797244
ck_4b041217690fca2f,0.10469127646507119
ck_9fb8e3d38cdf276d,0.6157525599727154
ck_c1ee56d65a42f59f,0.020801976592027413
ck_fdeaa1cd085691f0,0.04859143022474315
ck_5de33a7a87e9aa62,0.051552606857334586
ck_7476e7fe1ff45545,0.06872774383095483
ck_b0a947b498e47018,0.03364349835676243
ck_e3894ed88a7977e4,0.0021178658502010116
ck_c7e07ebfb0bc15f6,0.061657485174578315
ck_3a3daa8b376f2a18,0.000894148993617043
ck_87809324c2675b0a,0.022752255444790075
ck_7eb4f33260f1dcd4,0.046346048179946364
ck_ab9f0e08af030060,0.02334879436456365
ck_5b8fc4a76f340797,0.06345557060088619
ck_0e7bf10ef49aa818,0.07135983820716364
ck_a44462a3853ac67e,0.9847005677867161
ck_2d14bcd2e0fc043d,0.003468912060894638
ck_df1f2dba802296be,0.6903372943581686
ck_466a7316eaf149b1,0.028182132112891868
ck_50df50af592b0c06,0.005349302837428732
ck_5f9e34c849704b95,0.0009045107049697578
ck_7836bf6def26aa87,0.009826699094655023
ck_ba175b1bd8efaabf,0.008465687381074232
ck_1a0aac7f7b94b1be,0.30505743582410083
ck_6768c4b2aa8ce586,0.006354149539948684
ck_eefcf0ed15897898,0.025506606955707514
ck_7a6cb27e390b6ceb,0.011289241008989138
ck_5275be4e1577c1c7,0.0071004572820017875
ck_6bc0e5b8c0b7d2bd,0.03723589724479487
ck_4874bdec79f9106c,0.03365754140186195
ck_a678731156ad7bd2,0.27160508505933373
ck_db906debc36a5d1e,0.030807457798853376
ck_e87897767c612942,0.019621476065419752
ck_45ed5ee496ef8a67,0.009608819185959662
ck_ae20e28f9854f3ee,0.019436471298749935
ck_9ee044b73943a90b,0.011015207719946745
ck_dab34cf6f0626c9b,0.04853944410340429
ck_64a02b7b96149810,0.0026988513930367177
ck_c417d06f3e94685d,0.005350663929938001
ck_3e0149cdee4cb294,0.021566273200437355
ck_0e6046fc30f81705,0.006032099436834198
ck_c383aeabd53e9c89,0.02401710159114426
ck_2ef76f1f36e8b869,0.09020903360996496
ck_43948784650bb9ac,0.021071775013450117
ck_bdb966f43ac350ee,0.04214386808347365
ck_5bea0e0ee0b094cd,0.003398287475751504
ck_dff090f03ca5529e,0.007056916158271858
ck_a4691b57f837d88e,0.027363546459823026
ck_99ee90946395d74d,0.3384114414864748
ck_cc81dbc83a8879fd,0.006962584444360618
ck_f3dc0725621b3a35,0.0012114988632106736
ck_1bb212d1288b9689,0.024306042513517798
ck_9e7278fc7679f002,0.06028054870172211
ck_3ded7a8720d7e311,0.007071637107165332
ck_798157bcdb9453e1,0.0028448424137889083
ck_9fba80f56f357fe1,0.00572725933041134
ck_f1e1c8491f16f912,0.0055032415241847
ck_7b1319a5ca2f63c6,0.971055350322465
ck_124432fd5c92af7e,0.8745229295098818
ck_148cb0c723284dc0,0.01142259392273184
ck_b56c62c950eda009,0.001765525727864878
ck_a0498755cd8d7188,0.0006342328330958566
ck_5379452a9d74efae,0.0024896280484677353
ck_6c2453229d608183,0.02383021342093248
ck_f9d8b4813a88c1e6,0.011805181433654355
ck_c2c7d1e45a521857,0.04253151948453901
ck_4364a83a11743888,0.006141591597889056
ck_2cdf5fd97ba75e06,0.040508590051127565
ck_71bc01291e0533a0,0.014396142558951507
ck_a725d7aed2a0bdc2,0.002895894675684368
ck_a9b0c4dbd7db6a91,0.04342182679533868
ck_a4258806a533efa9,0.01639682134767083
ck_905e460591d9a278,0.39722182879627593
ck_20de8abfd8960ee3,0.04863739163056047
ck_252b0a0f1119b220,0.001437510331876522
ck_95e4bef65c36af1a,0.0005916123538636087
ck_5ab68b434ad53fea,0.002800943442943786
ck_13677a1957078827,0.001648243304241261
ck_d251e9fa09e542dd,0.9957361194188387
ck_700cb620f300dd47,0.011544064735437594
ck_39a68c55a1bd3ace,0.1834472299228912
ck_61a59a7944d6c53e,0.2521041663179234
ck_db6d1c6d31da967a,0.0038446193659405865
ck_650020c500b1b50d,0.01127554278929995
ck_d812eb6930192793,0.0014370618708320342
ck_92f6ebc11ebca89b,0.08485185958914304
ck_d87e26eb5bc84b01,0.0021397493706075766
ck_66439e697695224c,0.00356860415436806
ck_f21efd504faa654c,0.010744035575647851
ck_15eed0f5652f0352,0.009437821285206828
ck_bcdbf57d98dc0d27,0.022126502853517003
ck_873ceb8004d3a9f7,0.030847419397238063
ck_70bef9ddd4bab005,0.003011794608287857
ck_7560f1891d66f294,0.0011070327501573665
ck_f439f16f8693883f,0.011119631137583897
ck_14f9535e53f9c7a6,0.014653035541010828
ck_5984be472d2bc267,0.11112858901504077
ck_ed01be7504dc4187,0.06574657644873509
ck_dc3d8b5c17b67ae9,0.003256859749629385
ck_9dc23031b6b494af,0.03148446313607188
ck_fbdac0221bc03f66,0.007250639951271788
ck_863708a99b92ef0d,0.0459947789897476
ck_22b52654776a1ea8,0.8100071045393271
ck_a0714f98001efa0c,0.02473125290973525
ck_9c56114f84e9a541,0.0107374417363401
ck_e155cf506b2fb699,0.0015488642593907353
ck_65ed7e72f24731e7,0.0034450347450822576
ck_822d6e8e43befc72,0.40479232370208046
ck_b1182471d9ac6b26,0.0013511201005187929
ck_821446adc95e6da5,0.006709057022074423
ck_ff182f033134dbb8,0.06726657191401375
ck_9c5feef7647b0588,0.007221820526695997
ck_df935d8bdd44883e,0.0212485791047063
ck_01eb24c18ad11fca,0.034117665602257166
ck_00d6730134a1eb51,0.016542552547176133
ck_79ba8e85678d0224,0.006164751686198477
ck_97e3b04a1350f6e4,0.045084514315377196
ck_74e9747954a46eaa,0.006028662963612553
ck_397d5fcc9972f909,0.03828043806387345
ck_9ede89e8a43c3f53,0.05658225369306712
ck_303b33910d67f306,0.0020853696484977504
ck_3c17841636f6f7dc,0.007732615397317085
ck_78730527f8ba1438,0.39927286634380926
ck_5ee32bc6bb5d1d4c,0.09971749592932405
ck_a13fee8cd925d0dc,0.028027990283336024
ck_6f847263379f2e43,0.033282430030145554
ck_9b9d9e579e7b55b2,0.07542334053976943
ck_87c1d0a79e79c84b,0.023833527823817112
ck_bfc453eabb472f91,0.0036655323949843586
ck_978c21bb5fe3171e,0.04966073448531168
ck_dd882323474431d4,0.08278674166523363
ck_533c4f7400d5ab22,0.26812897111258693
ck_5f217bfe28954e75,0.9991176697760368
ck_ae96d35465b3b4bd,0.015536628672656804
ck_512ebe97c0af94dd,0.13977027555316962
ck_f558fe02bb0219b8,0.007891653940201157
ck_84092e23d5ef4d51,0.08448009471550447
ck_17d3022ca12eacd7,0.014771208100537567
ck_8a8f81bf3558fd9c,0.008690231591151043
ck_0ada6fed1864e7c4,0.033843154836039946
ck_21fe7bc59dcd78fb,0.002588807274436337
ck_e136e20c1c74fe38,0.0063550104126524985
ck_e7a530e09d113dd7,0.03989052221090245
ck_7cb0c9ded4d63027,0.05099813624617096
ck_102db9615e722c9e,0.02219426810887005
ck_129e39ddfde92eeb,0.0008407712249739285
ck_d730ff21bfd7769d,0.007173605127319885
ck_54459b45d2be8459,0.0011847748340563316
ck_7f1c20319eb60aa6,0.9974562471118635
ck_939fede90473e412,0.003384447143686792
ck_e0f9506a6d5f4a1a,0.0028937006331262827
ck_9a4967cdf49265cd,0.13122007275835465
ck_b9eaf03453ac7d5f,0.005290405544177867
ck_522477be6376b450,0.004860025935731457
ck_9b6282e3bad50710,0.033300538498834076
ck_a0e3a2facd508e49,0.0416446598134732
ck_97ffae702f7c3d08,0.006185540228080974
ck_344a95cb7115ec67,0.004259720106583113
ck_1f2760764afa45e8,0.0027924388377740857
ck_720cd658d11ea428,0.035405335624124824
ck_04e32ee9834c088d,0.3110689048030748
ck_2bb1389e5e72c8f4,0.03973524010123372
ck_961e7dbc217cfbbc,0.002190560364303772
ck_f3bce4eccfa6d6bb,0.006775931426883924
ck_e0ccfa0d689339be,0.00584745239279857
ck_98217aeafa0bfefd,0.03683549408095345
ck_a02aeec1914c158a,0.024878867481251704
ck_20a17e8f206a14c8,0.03610730074494025
ck_114c32aad4b6183f,0.05308146611188295
ck_79f5198f0decef20,0.0035475387332231443
ck_2209de229b4c71c5,0.019890239447072647
ck_6ee939b7f396975f,0.018434341969787268
ck_202f0c14b07ace01,0.06804864328948526
ck_fa24db9d416ab904,0.01539433940549153
ck_cf6aa24b92c4d33c,0.46247045357509325
ck_45f57fb8194cefc8,0.015170526700468985
ck_d5eb179dc45394c6,0.018778853610869558
ck_efb24be983342f75,0.017214815556926187
ck_245f5d62ead5ef28,0.014385761733600238
ck_15fe2a47fa7e92ea,0.004708243153486954
ck_b6527a85fd682554,0.014285778359933606
ck_11f9390a11ce9ff5,0.043006121371727414
ck_ffb4d892c5158201,0.0013105253415966343
ck_d4c1da5a1427fd6a,0.06647976214022636
ck_2c041b1efb1c5063,0.016942941085824573
ck_ecc18f40b33be769,0.10136859919938634
ck_0525349f3945375b,0.04221134041143058
ck_0bfe62e0c7eab9c9,0.012495830315413006
ck_b7c37d410b1646c2,0.022868539486525223
ck_4b15b0746318cf42,0.11683361534211259
ck_e5ee006ecd8ff661,0.03036387859665186
ck_ccc83cf66365357b,0.03539704757306969
ck_34a33ffe8339f66d,0.9793684258688934
ck_4e39e3b165edab58,0.9403094098933078
ck_1a71f8081ae00190,0.9481736181353413
ck_ed8f1200fc049c40,0.8874335647054933
ck_8a5a57858e8c77f3,0.05727728270741181
ck_fff9fdc2adf5100b,0.8329133638950628
ck_c76f1bf40f3b787b,0.0007777539798335422
ck_1a6ddfeef82b1b1a,0.003319487986568319
ck_478d2667aa9896d9,0.0015865195556680654
ck_641c8e7694b21f3b,0.011856981203665138
ck_293581d879f6663b,0.9280042795109039
ck_1bfa8abdb22be8f0,0.04076697241462029
ck_05ab5b03d0bf9ce4,0.1457866198109546
ck_35694db37f0cde7a,0.001076375133532734
ck_fe33eb743d714c03,0.031312358674407466
ck_abd10fbcbaf2b038,0.004297062735639261
ck_46d51648c1bf80e5,0.0745194348427309
ck_5c8390017fabfaef,0.0252099164708847
ck_87d55ca333f22072,0.00256097930173448
ck_c39c6a1453e2b92c,0.00048640410560783244
ck_69ff1b0aa143a168,0.0011262574535694674
ck_e57c79eaab35ded7,0.004444846802308294
ck_463ae759e2b6ad1d,0.02755276928932442
ck_0dae4a7eb587f3ba,0.021200093639014615
ck_9b12fb56529ebc4e,0.028344263378143403
ck_1af547077ba2dd03,0.256839791402603
ck_de13de941bebc7cf,0.001169154916454213
ck_83dde7da2bf647ac,0.002168186400178889
ck_c80a94d4660041fe,0.026361193230891124
ck_f39cfeb277ef6528,0.0009759220331446852
ck_1cec1ed1512a2d3d,0.0010666052638271075
ck_7955a359b6448799,0.0005622649738312129
ck_8c0955dad13c3ca1,0.00704985031737876
ck_6d4cd2de601a2308,0.01824629590156536
ck_f4536ba8dd2d551d,0.00707378077151727
ck_b379c198d6db2d62,0.023000937039600957
ck_76ea90ebc74bcdc7,0.018386694296109608
ck_734f06bd4aa92781,0.02606188956686761
ck_677e1d0c14cbf569,0.004452762108112757
ck_259271c70f3fbcbe,0.04409045502714909
ck_c0b744eb9e7d4eb7,0.020652531053424263
ck_3d41faeb96802f68,0.0021982950980460516
ck_8f604fa70fc3c8e3,0.01343669185168453
ck_0b3c3bea0e0ed339,0.008574203814718653
ck_be5df076b8a86409,0.0022693767790240658
ck_6a475fe324d7d790,0.01307509641711581
ck_3ba3fa5387bacee8,0.00027289721997838986
ck_324b9939d9c1c31e,0.0012700992547777725
ck_a7fcf7b592f68ca1,0.021348665273579818
ck_5b2728f7cca414ae,0.0010157878508743193
ck_5f4a25ffd0b85a47,0.03016645268816755
ck_63d4f5076fe4406e,0.0036251534338687646
ck_af528d66c86f0cb8,0.003719297841407846
ck_ac7cdb9b8da7b5dd,0.03349973491885865
ck_3bece63711407e25,0.052233161730193184
ck_d4e0b2a12fcfc35e,0.003682119182435585
ck_ee3e7c9d3a9c74b4,0.1666401789941004
ck_50d7c4dab837bf66,0.014013131412014605
ck_ebcb93a2990fc914,0.14605443933906953
ck_2329cc9702cdf7a0,0.02063534508519663
ck_db1fa53d588bf99e,0.01937666032721589
ck_44e57a0bad5a0745,0.01714788219361041
ck_472c81a144f4631b,0.0015932172184062112
ck_1658429acd5306ba,0.014325255014461948
ck_466103ec5bd9444b,0.005081982826736293
ck_9757163e25262b74,0.03932873917525305
ck_34ed59bc2c9b0186,0.01307467651940954
ck_b7bd3a7f263f4f29,0.06698582782306413
ck_149662b09d632e41,0.008555802805646289
ck_a9ffd6b3957bd41e,0.002638280492727158
ck_ab80466ef615e85c,0.0014944626171808856
ck_f2c824d3473db24c,0.002885418383020446
ck_a4a01fd45936b078,0.027365740057597763
ck_8f6ce158c2902877,0.0025166596676797466
ck_5189a302cfa7cefd,0.0003479957613936202
ck_430a3d03be588201,0.006941199963950367
ck_b5f9dd00914b4db4,0.005689127596201938
ck_52dec82e9cf6135a,0.006666146027678366
ck_95e444a01e2ab4a5,0.01119017687866519
ck_e37cee7b123692af,0.025245907361303273
ck_d68d42858a55adff,0.0447804356447222
ck_3abfc010091d679d,0.01927572258650077
ck_cee4e4e1b62bf82f,0.0322527274610978
ck_9ccb17c35e636c5e,0.007277857028432449
ck_f72a5a3b0d6c1177,0.0031846529905491445
ck_7508aa554fae6afb,0.17593120652287783
ck_003aa842b7ca1d77,0.27872283627977673
ck_83b2b192f41ee2bc,0.4893209697513661
ck_64796b6b2c3c7f06,0.015914941979501707
ck_6438ae81d43cb196,0.018603107006251157
ck_2bd73d9098504760,0.07707311156202327
ck_aa8b9b36a099e4c8,0.022383507472152658
ck_e5ece47d0dd10526,0.013300355624602965
ck_16077ac345472e6a,0.002650290965601264
ck_a4d6e152b0076964,0.010501952003161317
ck_d90b1d03ae151f62,0.009670869129600483
ck_18b36d342b530af4,0.017231164891691287
ck_2a01e610348b84f8,0.049942712191548465
ck_0a93ed76bf36c8b6,0.00971261008664005
ck_3d56b477fe2370b6,0.06556726698451319
ck_17ab3068fa303682,0.0011161805303385492
ck_592a3520d841d11b,0.022420015372969195
ck_84d07028b5fca2f6,0.02155809669032537
ck_f4a2bb10afa85743,0.004490309301238123
ck_4fe4b072f03f2c1e,0.005373435724358316
ck_9ad08fcc183ea1e7,0.001657916568245501
ck_130d3848b9dcdb05,0.00981711957442715
ck_bb399ed6bf28c230,0.03479772235781408
ck_a31a64a39a2c4941,0.010780356153554911
ck_c49f25dfb39909cf,0.0881082488837691
ck_55f50a9ae2db8ff7,0.001869818870568342
ck_09faa4e771cf876b,0.0067456647018156
ck_df520a7a6e405889,0.004505384338254957
ck_8c8c98cc694ac900,0.05108008465158708
ck_7f0c4f609673ef62,0.011546556915851788
ck_f51fe59cd445d2cb,0.01443159417032001
ck_b3fb83f0d772a831,0.013994768619461839
ck_d6e7e257751c299b,0.002159460313392236
ck_0d362ddb4a1cb6d4,0.02465359704408371
ck_a574a08edaf81781,0.003706206942374497
ck_a823f5bcb0e4b9df,0.0008401575321284769
ck_f792586ad0381eac,0.0379860113717325
ck_54bfd70022c66983,0.008324407507240512
ck_fe0a9372c9372de9,0.005544561048393937
ck_5691cd6fdb6d8147,0.020293133754511035
ck_a95f212a02433d23,0.0032914853170893732
ck_f5adad75e1c06731,0.08099238082795202
ck_e09c97520eb0533c,0.008064375694577592
ck_a1e13c0d58560340,0.0012165455026506037
ck_cacc2ca410cbe80b,0.01999237713253471
ck_c0dde2a6ef1e08c5,0.0018558028216194547
ck_a04403073c90ce38,0.0009237819008998446
ck_03d3026107175dae,0.013799316756299656
ck_50176dae5b1b716d,0.0026048244693386833
ck_6c084bfcb38e96c3,0.05155797798518589
ck_36d2be9012f7909e,0.014082015716220085
ck_958acf84c6137a22,0.01783848698659774
ck_114722e12db90a73,0.0017309673538192043
ck_203c2a22c0c165ac,0.01881810655632889
ck_2c44ca550e5cfa82,0.04382500213919767
ck_df0a8f20ab8f14f4,0.04440630119230855
ck_826a27ff7555192e,0.00879464588467448
ck_09a988ebcf062297,0.061484116316330474
ck_5c82444b3b9160ae,0.030581292655774348
ck_f6a4a7ed27fe76fc,0.046094078021825746
ck_17de46314b5c6a92,0.011840270998182668
ck_335e63101b1e6c4c,0.06834570862832176
ck_c5eefc0697451de9,0.056516360089228494
ck_49a0efb5d4067b6f,0.45328680680829736
ck_c1f4509c8f5dac5c,0.009668426040305614
ck_57658eda1c59bc52,0.0026795547004634457
ck_0d5c0736ec76385a,0.0003616261186062414
ck_e0239e6ae30795a7,0.02016204646657488
ck_e4459115cd8e5e4f,0.0046332532645655755
ck_bb4aec09d4968dda,0.24491573470917416
ck_a1b4c96faed3e0db,0.086532458563875
ck_8247b79ac67aae7d,0.01683734378622755
ck_fe2fc7d6e5d83f09,0.005701682096041665
ck_f6aea576cde8d592,0.0007598097816644878
ck_b7e7f7d0cd886412,0.07226479866534542
ck_ca7b993e8286af7f,0.00890054750535795
ck_47de038381a9cd65,0.013990319165563255
ck_d38f941d09eec820,0.034615407461572996
ck_d9ba2a6c0d926b4d,0.0021351382422795566
ck_cda72f597330d0f3,0.003546540711505357
ck_16d2d27fadeeacf7,0.013399011510291658
ck_be05447853d423a9,0.00027148976505773117
ck_cd92852d7376a4a8,0.0015119731303119292
ck_2faf7ecccc9fec58,0.0005012017870031061
ck_db8733fd92f20cd7,0.01238080718685659
ck_a9989a3a94c26634,0.018756598701092433
ck_957fb25437c75e41,0.07222693758347894
ck_e6a6caf6e7de17c2,0.008193428077157328
ck_f7bc569b37e8bdda,0.01567611694836323
ck_703b375dd86a6124,0.026275829143183722
ck_d3cfb3603f2c6ca3,0.04960559396509272
ck_07cb2b6f2a4303e1,0.029172708735537664
ck_31631e2028d4f855,0.00967163119330761
ck_1631bab0ba1256db,0.022356213620729287
ck_5fdafeaec036f016,0.012771029372715905
ck_6eda4c36aecad602,0.006040052962295615
ck_bd1bf9e3e29de281,0.09192321680910336
ck_bf378ea558a4125f,0.9514409376823835
ck_7aa2deeda0e57412,0.9852421056592425
ck_d229cf7f5a3f38ca,0.013585040359551093
ck_9e109edd124492a5,0.0030588266807847833
ck_779491819995625d,0.7056728034578517
ck_b89c6fa2ad0a12f5,0.06996882092518866
ck_1d01b4a609918c4e,0.9745014228596313
ck_714c5d7cb17bc9f2,0.005663684773133422
ck_269f1746f2609ed4,0.011977042159279166
ck_4be03a2aa62b93c7,0.0012850853778188218
ck_cf920313f6dd28fa,0.07294764829883559
ck_fb00aae4e17740c5,0.003487955233569859
ck_085d8c42739e2b10,0.9989372247385714
ck_c72a7d0d03cf3e17,0.33347697355452477
ck_8f6ca5d3b17eac6e,0.00218345042170482
ck_d9573100bbff4014,0.19500372588787404
ck_79d6793d1d0cf43c,0.0007289795621249711
ck_91fa5032f7aff0f1,0.07821490492491473
ck_87110d84872c0fed,0.04236894586175611
ck_8220da627e9992a5,0.0017092142206258005
ck_2ae44938847f3852,0.008336168072222752
ck_b0f191e44f9b6f35,0.0784798308273164
ck_3049d744b527f4d0,0.008718855764978524
ck_47d3e8d1dd3fbcef,0.013352574936283652
ck_ddf787359d2b5deb,0.0019510394997306918
ck_b27a9e39726b26d9,0.003936150623301783
ck_80c4e9274cf976b6,0.994041052230001
ck_c6afa913168ce8fa,0.007902457236247298
ck_52427b3f8478db19,0.043873648604653016
ck_3b810f15ca0eaa55,0.02153308778119476
ck_0c9e420f97baaa06,0.5927216159954912
ck_f8540cf3a8b2f8c9,0.03707391715647232
ck_1402d24dd623df72,0.0059234657680084
ck_eb4f4267e24d042c,0.0025757915478086943
ck_6f661b428d6fb8e4,0.01935402560827678
ck_519a26ecf3d29c90,0.0018839695824430741
ck_e886ba71d4a6fd73,0.011360107996564835
ck_437f9ecd2016a1a8,0.005857118301922524
ck_f01af1b0c977cc06,0.012992304804283096
ck_614f777c2eb5d537,0.003456099612260342
ck_b804e784cde9af8b,0.013206198654649405
ck_c2dccbc1b24b137b,0.11986369159153204
ck_1df4a1781a0f6999,0.07735680793696165
ck_bd2cdd53fca26171,0.00734293613845861
ck_424c254249a109f0,0.044706162299003725
ck_cf2ca4f286e289ba,0.036752851527980246
ck_6c33cb15b0d8af54,0.004949711030059101
ck_311d395fa9b8550a,0.015910597740477823
ck_9f792e7e721ff7f1,0.004253636406369087
ck_4c37586080edb7fd,0.000953255413219055
ck_7c4f42c5397113b0,0.005904856307028482
ck_fc418f53ce4aa579,0.7981822673455576
ck_1ba28fb7ef726ce2,0.01127069072516644
ck_d932f98bf6b83956,0.042661699263792485
ck_248b3659a9239240,0.013947400867050312
ck_6a92cf5f4cf5de38,0.021470479761609165
ck_65519d0fb137e0c5,0.003735862813452108
ck_ddc3fc99eaba2064,0.032786876946922935
ck_7310cda3bc65a73f,0.003228573988193187
ck_c01c85bd631d4054,0.0021795368985838806
ck_b4954d16b9749829,0.011128900442307766
ck_f301f6758e170d66,0.046180463599469215
ck_9bf95f8c47e7c7b4,0.025405608175638743
ck_c91b7fccf6aeb4a5,0.04462108667873612
ck_785fa45e86bc5e95,0.016381163592444577
ck_2a65f1cc23f1180e,0.0018420852917557917
ck_a49a2c1f881a3560,0.003946024493673758
ck_def344d68f06d749,0.015840933510470074
ck_abbd1465fc730d78,0.0029305667661426024
ck_07a5610ed28162fb,0.014528110376154075
ck_7ecdee2d7127be8b,0.007102016668368005
ck_67858bc00e81490d,0.0005290573264556161
ck_b4ad165ace910222,0.008938244910960631
ck_30753ffe481a1b8c,0.5517886465227502
ck_c401a26725b17177,0.000614332768911335
ck_819988d8a7f26415,0.003904466146246618
ck_3364a1d9261b3638,0.036968306712112
ck_c484c5bda389bf20,0.0005381307730756085
ck_ae416325fef92c9d,0.9513067587298711
ck_5517b9a865960542,0.0066658499115504425
ck_a0e96fed380440b2,0.013942449908586261
ck_e83409471d2b0b44,0.031660147920715
ck_127273af97d7827d,0.005086571387150596
ck_aaa9861c91bd14dd,0.022837885345242726
ck_a378c58294001a36,0.7985787671736296
ck_abb9d65ff1f95b64,0.09999263584064935
ck_a5ecbefa849ae569,0.00968417779595228
ck_aa9953c0ca2bed7b,0.0020909839572186804
ck_40bc6de252865f32,0.009771947029420544
ck_9fb11688dcfe1513,0.005403669486601794
ck_ba68841ca2ba073d,0.03700478629851695
ck_1d3e561a7d20be0a,0.9689200808068582
ck_99a92d710a29c1d0,0.0048731427584016405
ck_ede2e887697ffac0,0.004243908717089839
ck_e6de67c0d82a7b83,0.007794849981586501
ck_6b38763bf5ddbcef,0.04689003341633896
ck_8dd44eead7d765a5,0.02008927247618202
ck_30bf5b0056eea9e9,0.26723788695652295
ck_2981d16f8a51a8ed,0.059277035982613406
ck_fc60f42c68c7024f,0.03563311212356018
ck_8e2b2251ee224aa4,0.019812775183262035
ck_1906f0dfaf6e9bad,0.4138317592369149
ck_dcbe6814fc4ca0b4,0.04732611893140802
ck_f7e958a286ae3b57,0.00578514757217746
ck_713649668a7ca824,0.027809912838390762
ck_6f73cdbf9305e2ea,0.027319300767152933
ck_dd1c490050cd9051,0.06379497978994733
ck_e30db36e376606f7,0.12204179399464408
ck_740d8fe8028b5a2e,0.005107573646460515
ck_ebbc9418cd41f692,0.002416865169170895
ck_7b3cc6cc3f250f39,0.0667229637373494
ck_1d30eef7110809e5,0.16389044383671456
ck_77e0589ab339ca66,0.004678771656085221
ck_15ccbf8ff7d14086,0.014381751799751456
ck_246989b0c288664f,0.02639846332388059
ck_fc2a6e27b10b10e9,0.0011940200475802926
ck_8afc1112c12f5402,0.009087951842142734
ck_a76e8d83b9141364,0.05786370339333986
ck_51d3e8dd7465c015,0.0026567722560890063
ck_e7b4016909405981,0.0003637399988153089
ck_e7a3cfb9bf908e80,0.026000429664824028
ck_2bb49dc2388cdc1e,0.0026082955118670137
ck_94f4266ee7871345,0.005475457817062045
ck_b2c896beec146477,0.014622542420688707
ck_fcf5d4a4748cdd53,0.003985612807165575
ck_fd0483639811f62e,0.10158997447243655
ck_9a21d183524734aa,0.11642570169037737
ck_1df4b46c0a4c317d,0.0479626762891212
ck_638df9e8a22dfe0b,0.00865427428873917
ck_65acc43a6dc3e65d,0.005589253689798966
ck_7c67b73196e3d0d9,0.009940238826572247
ck_b0ee3a98175b462d,0.004691406088267293
ck_20fad010969f1abf,0.0016391537735294171
ck_54b087bd873af8b8,0.005236258048574972
ck_8007824431fa803b,0.002926728269955382
ck_23aab322810b9fec,0.010071472229325468
ck_c8001bdb9aafc8a6,0.014282129541617115
ck_3a34c3ac83cf84b3,0.019215792736693098
ck_60187ac2c473a662,0.949970166895836
ck_6a0ccd7357979f0f,0.261570000470485
ck_27f20337bef5ffe0,0.027220351355875062
ck_f9fc468915afe49c,0.02969653417188604
ck_1eabc15a94bd9009,0.024544404643370116
ck_26896c494b2768ef,0.018816456729231254
ck_348c874eaf0354f4,0.01193115899089443
ck_be9c46acd216b45d,0.029025726511240375
ck_a3cce46d15cc20a2,0.07882547386618508
ck_70804f60d9704128,0.17528755529517154
ck_a019151ca8e7527a,0.02227870748306497
ck_571133b2aa8ead51,0.017791434461193866
ck_0afa4449f20d5196,0.005825865722132081
ck_4d503c41cf4e5034,0.02561656454740929
ck_d6fb9cc5171e3e9b,0.7656744448811347
ck_05ed92a7c3e10e5d,0.02898592204682942
ck_bfb067986660afe3,0.02264935785466151
ck_c1a31690c8573226,0.0037027041594329246
ck_cb88ef3dc1f42225,0.002428044147662091
ck_21e3b3bd998745e5,0.06163758479197609
ck_cf52e46fa54e4540,0.000747402308453464
ck_b72c7ac4208052ab,0.013723692573154447
ck_e6465c56b337e6c2,0.01926624457057673
ck_5f87eb05d18186c0,0.015687707585543317
ck_263f6c5ff26b5e98,0.0018001502876314897
ck_e0b7e2c0bbe228d9,0.010289509047544792
ck_b657ae3c146cb7bd,0.001966654769253071
ck_abac514d8167ea58,0.044675823722046766
ck_024dcab126876002,0.023087713793905017
ck_5d8481e2b38bd99d,0.018560601029938215
ck_edf229c17d25dac1,0.23698663052751526
ck_6cb7c97b72d6b5d3,0.020507576725670117
ck_c96ae2c28086a059,0.05330305551158775
ck_2f241b97c0f8389e,0.02084460018535874
ck_9158bdbb63ee8987,0.007481530114622753
ck_e7b40b60786c1530,0.00899038799800711
ck_66d38518f68e6194,0.002363601626996747
ck_8c9b57ad2a991416,0.004937041293419657
ck_cc91bd7152d3e9ba,0.011150917678940513
ck_0d846660c7957a88,0.005047000658668025
ck_60896cdac2212bea,0.09381426960552801
ck_dc4db8b932df49de,0.06609631562312568
ck_2dc31db181150e20,0.0032267747523461996
ck_2f138fce1171e277,0.029994616205258336
ck_68b8b859a6ef505b,0.02751096266190068
ck_c3fe0c6c5e1f40f6,0.006528149351098213
ck_15886fe84866de92,0.013036507422706668
ck_ea269b35406473e8,0.0008602575122926254
ck_3ce7cad1f69b71d6,0.023875731622527277
ck_054ed4288ee58d6e,0.055265450748586756
ck_3d4913a86f207fee,0.022491901468384232
ck_23ff85f9d2355e8d,0.017841815702398373
ck_d87ab3261322216a,0.0007497959320634719
ck_fac046ce336fe39d,0.008509025890682975
ck_beb97e498e6cf8e8,0.04194225457307872
ck_1f517e0ebf397b51,0.009927200248299553
ck_0af57ebaa45877a1,0.0012446741824894488
ck_f99bc1732ce5e999,0.02002093837645699
ck_abb056a9deab275a,0.017982059412894064
ck_0bfc394c5faa65cb,0.03874561942967178
ck_ddc865af1dd5670e,0.009374803038438833
ck_68b5542459638b56,0.06125535831807084
ck_0b1d84252c0b46c2,0.006565399676088073
ck_520ec32c4f253604,0.031016032838055957
ck_79ffcfee599d77c7,0.02506206858628797
ck_eb224c0fd146253f,0.061528883242324785
ck_0e477084434da450,0.041108722587675214
ck_07840bba5570785b,0.02565407177505796
ck_6b67fe8e310ab865,0.016571699707756633
ck_e2a1068c2fa22525,0.03612987257688253
ck_b9c6b32f6bd92a3c,0.0053624366099219506
ck_c1e7d1021ae58f00,0.0008052759148490658
ck_5d7801201749ffde,0.04156011266450586
ck_c8806749e263f70b,0.0003180286213444013
ck_c9eeab826781dc91,0.015353267356669524
ck_309a432c160a17b3,0.020953098829660205
ck_b22e3337b8e3dbb2,0.0051394053606113625
ck_79c30169c71b8033,0.9145532860802177
ck_5a6593d954085775,0.001230952123801497
ck_70b9b79ea1aacba8,0.020531149338514947
ck_63743141ffa11f45,0.010026134790723291
ck_dfd3dbd0d97a642b,0.012893034520260863
ck_635646a661f05b4a,0.028489977833018484
ck_4b123d6931b6d0d7,0.2542790320664943
ck_f2b0e7a47f442557,0.700770372062294
ck_1b1df006b81d38ba,0.014873472683081694
ck_360237c1bd30f4bd,0.004166477589791986
ck_5e84bca0e362da20,0.05095991503546776
ck_142dba210ed2f3b5,0.09378504686442829
ck_a3564236069e3524,0.05886527127058973
ck_cf36d8b070ded782,0.02062348118518427
ck_ddd6625c5eddad70,0.0019162194025215947
ck_ad54292a0b2f44ef,0.007867913736919738
ck_45cd5ef6b359e9b4,0.004724840488613677
ck_982c2392238b7be3,0.5313193756504246
ck_083e4ac78685c3bb,0.017110822116335307
ck_729cc0b46cc2e546,0.12572848013452026
ck_f2b8995fe5402759,0.0028647487667260254
ck_73e24f5a8da289b3,0.04984456472391194
ck_bd85f30c36f5998d,0.03517804202375164
ck_ee4ff3aeadf912c1,0.0031593779013562554
ck_63d2978706e193d2,0.017684547837493278
ck_6a0684436a1e66c3,0.5361074436487171
ck_182dc4a2f5a366da,0.001167895034265163
ck_e6fecb82fc2a82de,0.010914325692424643
ck_cfb06f07394dfe64,0.00060681362071018
ck_7bbe1dc8add17ef0,0.027246131284721323
ck_5cacad76e02c8e3d,0.5072697124977876
ck_ca68dec0c7df5a12,0.005432255796630574
ck_e4c0fc52c82065d3,0.006887238192204559
ck_f9197b070416f443,0.0038711967667608973
ck_2a07c7021b71cf65,0.043815109204032004
ck_4fa85cebf707de2c,0.0013326730209858584
ck_0063d2a9507467e5,0.011743427889215641
ck_ec986285fff05b7d,0.0023998996670357804
ck_279d43303708109b,0.022567294085305365
ck_a406bf11e48cf8c5,0.08699029357067715
ck_064b2aa3f0bfdb6e,0.008669204955696983
ck_95790440bc4bd2d0,0.025219385417099095
ck_70066eea13b4c34f,0.011333435632988243
ck_19468fe07e26f992,0.8483776352091147
ck_86bfe328e0a533b9,0.7649650729782813
ck_ace3b96c977a7560,0.05678703240598735
ck_642344e5c652d8df,0.021981473743488623
ck_074be35c951ae10a,0.02109492490112521
ck_f14dce41036486a3,0.9937169569046943
ck_5cf67a3a747e684d,0.08600717996949922
ck_f7285b92648c1c81,0.003180086078576428
ck_bef3193f124fca5c,0.5793326418457373
ck_05c4dcbb45de1f8d,0.003984572103428031
ck_d7c28eaa05bb7144,0.013909963844673296
ck_320df984791a1b99,0.0016170221482390262
ck_f45bad1606fa00a7,0.0037653327433245522
ck_6f81c199e986d9fc,0.013552466401239789
ck_d0c9633fed57c344,0.009084586839610196
ck_a3c25d6cc7478068,0.04476692354005561
ck_4185506d12cf9fa0,0.0009026383400969208
ck_7a02ee1bfba7353b,0.035139222746345525
ck_1b52590757c0fbeb,0.019336181570352214
ck_a0e5656e1cf9cbf5,0.0036783075016128966
ck_ace21f6daef94f6e,0.009047356039854038
ck_646d8d0834782d6a,0.41621748370134465
ck_1f136a4476b5e775,0.01406143475297586
ck_325c7643cce02da3,0.053581745469423465
ck_9b5e7fe28208f5d1,0.004490440619607504
ck_05d81b1a150f31c5,0.0015179923419542905
ck_0e9ec486bff403c5,0.008625882306652788
ck_ee13c091bc379188,0.013151214390992096
ck_f7a7f8f5903617c5,0.024775344250998397
ck_96c3a3517153390e,0.019225755163806854
ck_538dad7f096458ad,0.003526490285315663
ck_8758fc6622bbb7df,0.02955771835468478
ck_f7e53af3c91fec64,0.045868396553779084
ck_80b50fad7f255e1d,0.012995886174074744
ck_9645e7adc08631b5,0.046275968218657565
ck_e007aedbf37d6ec7,0.019356532143666814
ck_2951d76c41de2569,0.0946749999856131
ck_9439bff87e616d4a,0.013280508124827622
ck_a73045e96af0e4fe,0.01887667952794649
ck_7b382e533e2e925a,0.04084763755091812
ck_730226c2d216cacc,0.012389534701534186
ck_bdf837d761a7cec2,0.4410827093608767
ck_0b34197335ba3341,0.02668647919311202
ck_49170c4b31a20f5c,0.0005138902910139729
ck_cd553ba6589d8bfd,0.017837344014254925
ck_56b992c6f136fa5e,0.04805584582228066
ck_8beae3d7328fa41a,0.07242511333488076
ck_1a065ea906ae3d6a,0.0011672594593353975
ck_e9e3381d5e0e5051,0.004385816214418168
ck_a6d4f998dadc90c2,0.9398534768661042
ck_d36733da917115a6,0.03733440719886631
ck_e738e920bbd74a7d,0.014609919785734986
ck_af65eb885a51048d,0.0009230096233633602
ck_73f4eb09af29b1c0,0.027194184432074043
ck_8fc641b1750a2542,0.05730613576497444
ck_41b954c7a948c060,0.00794645366234114
ck_25fc3010e8a0f6d7,0.00460964203857468
ck_a2624e0387974e0e,0.06403941274921225
ck_5cb9d7b2329d5ab6,0.044864725035202946
ck_6c83aa1d100a7cd8,0.05404304987464667
ck_67025c64588abd1e,0.0022411838533526562
ck_f5dde68f6f0468e1,0.000760414707905006
ck_46bfb2cfc29a6d2e,0.008692939226642262
ck_49dddb894d33f6db,0.060731886306152234
ck_f738b633b8862d18,0.0006573862874374044
ck_3d6c3c00d854f5a4,0.06964648281194273
ck_cdb8061d8d1a6c5f,0.004888578001786129
ck_5e1b81848718bdc3,0.0402697996433408
ck_8def763034187436,0.041256263220703665
ck_8f8e4fb9c6190272,0.005804099748099983
ck_368b968b5f33431e,0.0015132107167799278
ck_ba7e347251ea399b,0.022818043491486147
ck_9075432001a64e75,0.0052263814454990695
ck_73c5371635aca173,0.5809429542011574
ck_81793387b38047cc,0.002870558386087586
ck_0cf220816e320ac5,0.004219875855887327
ck_820219bb9c761b52,0.1013518028549602
ck_70a932ab39d86a24,0.0002932127544732861
ck_2c4be237a7ed79c7,0.0030893056187114632
ck_acc764b49ef02826,0.19431247345301642
ck_74c3c3452e4e7cce,0.0034265552322014156
ck_34dfb57e5bf31d2f,0.04049429754611302
ck_6ec39903f765956d,0.04168756911240266
ck_5986119e7d81e831,0.02101594985726117
ck_2ddfc948b8eac752,0.22657979385242946
ck_921ff5ceaf40a968,0.04075847408924053
ck_fb3b68b4424b5f92,0.0198884183422119
ck_c3db1b3ad4f16679,0.014632925854689983
ck_124a197be41687f5,0.017519567005856527
ck_c58d9151834f5bad,0.03176158727357175
ck_389607982eb6b701,0.5982536582774858
ck_fb0c138c003e933a,0.0007215565479304714
ck_50d0bb7edd8c69c0,0.04315547495912881
ck_c6cb651149dc9a8a,0.001995847840181254
ck_81e21354e477eceb,0.021514663078473585
ck_7696e38b3e4197b0,0.027270591247477747
ck_586001d3ed9e7fbc,0.0026275424932931863
ck_bba413492dc46f2a,0.00933147147679202
ck_95b894380ad2702a,0.008140226916729205
ck_277621473369614f,0.9956539043052037
ck_a50621b5eeca84b4,0.000864811394103037
ck_bfa7ba218b988cde,0.06152520887411022
ck_5ea89567dfe78e4b,0.020426756256686503
ck_6c679602a6476ab2,0.003020195400999466
ck_d3885e286b3b11d2,0.033523461393659464
ck_cdcf6671b37c9c92,0.008835121282406674
ck_b5c93e6d34f8d366,0.0025520693599133757
ck_c24f61925dc158d5,0.11790937983611907
ck_cd09375e6c81d2c4,0.027085723269716384
ck_a95afc7a00303a26,0.04146294230456949
ck_8e89ca8b39f3f8ad,0.003097160652316498
ck_9a84b396aada3fa8,0.11902779247499999
ck_5124a2e415384945,0.06872198581980915
ck_d66bb1f063357f99,0.003898262347906416
ck_0fd9312411b0ac55,0.026083455145154907
ck_ad8cbe6e27e47ede,0.023952124259400024
ck_8398adeaf41f9cae,0.027191864570611856
ck_dcf851e7bb5855d0,0.003290078718988958
ck_9affb0f26776b642,0.003525986114432448
ck_f0424b3b36bdbef0,0.04341508494836968
ck_66746d1090d6d9e9,0.0017207236786635162
ck_e5f8c8a5824db594,0.018029637789391973
ck_3e91dcc209431984,0.06881953176521621
ck_126a82e8d42e5ce6,0.004308856497360052
ck_38e4a74ab256e2eb,0.010369903890346418
ck_1225a97fc413a419,0.04010782304025297
ck_9b5ec0f78e160e65,0.0041046338129465485
ck_7c5529bcc079600b,0.043116571658937466
ck_29640fc2fe81c251,0.3518387350084626
ck_160e9ba0a3f7c1fd,0.0028863887191996154
ck_bff090cb4ab76b9f,0.010396105128635398
ck_aa06ed358e43db69,0.0667546555247246
ck_7264486eb512d84a,0.0047802718373745005
ck_f5a32e6160b28379,0.008325232408052538
ck_4ba8bec14c2217e1,0.02773293129479293
ck_610815786d729d2f,0.01773147025543062
ck_e267999226b6321b,0.0010356914317242818
ck_f3996a3c8eea1ea0,0.022919722887642553
ck_e9b75ed7567a3f23,0.05256244450470748
ck_d21612d48bb4f7b8,0.10095933827886117
ck_1f871df76c6a995b,0.04455431288887152
ck_953bd5de48ccd70f,0.7836925177794252
ck_02a9104419a6dbaf,0.005978140308408281
ck_1eeeee651e05d535,0.04415524439161383
ck_e2ab04136a442a98,0.003280851910088744
ck_f0d806624ef3d359,0.016342744738679554
ck_4b68b38c1b3326a3,0.007167190643759753
ck_74e60495f8861156,0.020121986000193225
ck_398f3f4cf05c721b,0.00345304102958199
ck_f761b7650a0c1a85,0.010042241981947296
ck_7dadef33f5e2d94f,0.8153580151559613
ck_6ff6883633b8c7ba,0.002187743155868101
ck_4d2159603045109e,0.01445060909094019
ck_a38bd07a5fac5c9a,0.006205280314650523
ck_f517f06551e69507,0.001388368121409471
ck_a7ea00a1760ad561,0.9788665147749602
ck_31fc51d5a3dfe16a,0.02444330669179304
ck_bac5233623b25ca4,0.010602299225757521
ck_385188ab27784fe3,0.07010768512877034
ck_9947a323bab5cacd,0.11407243171224996
ck_7973edc9f22ee7b6,0.03274863511249208
ck_f97c477986043755,0.0032559112877247154
ck_1a3fd2cc4b4de196,0.0036782551152706507
ck_e18ac29ea62cb435,0.044833037415325475
ck_9720a472a3e0140c,0.0054514753908456726
ck_668c7fc7d7e47c0e,0.02751398945882352
ck_214af0806470ef48,0.016195442896581126
ck_a46c1773f01f0be7,0.13238280325582572
ck_f2bdcfb4203ffdee,0.044626103141070454
ck_40e84e6ffe788a4c,0.030095079982938443
ck_dfc6f5712d8d6678,0.05616430815428279
ck_01ef1036b2e66a4b,0.009079683592918409
ck_3acfec10eec32f9c,0.01729348514090461
ck_084a85145c15ed77,0.004531688205379534
ck_fcdb4fe2f095fba1,0.065839208650643
ck_023908db0a193076,0.07588498176489464
ck_fec0ff92fd622253,0.015657031018557192
ck_c009c97d5fafbced,0.09082025010197385
ck_eb9f0c06ee017ee5,0.011670355404563513
ck_d7792b429620fc24,0.008375794938878713
ck_5e9e149a3b69c726,0.017304173021096488
ck_ce927322ef8f651c,0.003905547256927905
ck_b8fd61a8e82bce32,0.9706305656437791
ck_9aafc33fba1474cb,0.004684015696082814
ck_ce81ff9b8b35562f,0.00844368104214643
ck_25bfca1d8eaa152d,0.02259230683087468
ck_170c65860e2a7e23,0.001972323528644653
ck_952da7ca9f33decb,0.03398429154834768
ck_1ebd574406235957,0.011799919837189601
ck_589109a188adc2c1,0.0028463238077832765
ck_f0cbd5383bb07778,0.06776174573275313
ck_242521e261148fba,0.006813966256563826
ck_509cece86a558de4,0.0035392919028491053
ck_0dd7c5925d28755c,0.002716212157953823
ck_a7e669cf1c3985aa,0.021631203408435197
ck_acb84dc2351eeb76,0.002153294319570581
ck_b837c7dac2a9b931,0.04283265938672351
ck_18eb1f9181f95df4,0.0034923415299330227
ck_b0b9047dddb1ec84,0.2907262245911906
ck_43aa136bdb0a2832,0.28103809955240405
ck_3e47f8c56c811700,0.0059892376232525135
ck_77c587d24695ea15,0.017284642880967184
ck_20578ac693ea4e93,0.02486534502286834
ck_b9f6040eebd1605f,0.060669338889740854
ck_ca9d86f65cfdf018,0.006213859282998592
ck_a4fa8833995c716a,0.004231697898830255
ck_f589f1e29301b5fd,0.01719157466606162
ck_961ddb8ff55d868e,0.0007331422224147562
ck_5662492a54e6688b,0.059526158371248306
ck_ad48826c1c26eb78,0.440800400776318
ck_621c9ddde6bf2eca,0.034202958150454085
ck_417a3500b2c717b3,0.04487997746732233
ck_c7e129058beb3ac1,0.04990090458849947
ck_ec1c902b9b9b9c5f,0.3031076909690264
ck_317360ec0a67d27e,0.042545214298546824
ck_3e3ea5d8c4a229dc,0.049623548508591374
ck_d11d27de7bf0b973,0.4559582079389439
ck_d37d56e931105db0,0.007724718308280726
ck_4863077723cd6ce1,0.001987942641635595
ck_479a065d5903e9c3,0.0022222573863713325
ck_e66ae4fd586fedea,0.0034094123288287118
ck_192bbfd0d5720134,0.0031690639179232706
ck_3b436cb29af99f3d,0.026080392669600792
ck_7c7ca54969eed187,0.031241684607849093
ck_826ee896c9f1144d,0.07415568461772677
ck_ba1f6dd43fc8a0b1,0.006443382069964482
ck_49685deb63e4e8f8,0.016225915275842422
ck_687ab5d5554bfa79,0.02858618873280569
ck_41346ccd9242cc8f,0.0014107981771793567
ck_8f8e5e2b9dfec3d1,0.141827626553706
ck_94d5ce61a0c50465,0.008336304627093593
ck_6b954c75aad8c012,0.024853060729782613
ck_748af92828c9d288,0.0013541333547491604
ck_dddd14091ce812c2,0.015689090853193255
ck_723323f6870fab59,0.030703058041269434
ck_dbdf8d0708cc6718,0.007491578549590228
ck_f04938570a154de3,0.011331751014073292
ck_58afa1550b3b5294,0.011122422275501512
ck_3b150afde386ecff,0.03102873452469283
ck_666b95e75d99ec4e,0.874274277509328
ck_e00332597cf1eb24,0.03734999193958062
ck_9a9e3dac79280d7f,0.20560708312389928
ck_e8d37262e859d9a1,0.01923355984478734
ck_895bb39d24bc1c4c,0.0007559651339181634
ck_b367449195e36499,0.015746151414300122
ck_d23f9a50d1135ce1,0.09191814575401334
ck_670dc4910cf476c2,0.0004448609926973061
ck_3ecd8a5ce65e21ca,0.0030989196452858173
ck_8584fea2df4c6317,0.03148446313607188
ck_0789ff4562202b20,0.02001240645732526
ck_749e0e50c3907be8,0.002117941962004814
ck_c3ff6790cc6d7e34,0.00492052316612578
ck_75fb7e56432ee4b2,0.007728095783667764
ck_529fc3170fd11abd,0.06614320037774021
ck_34a69b3b4a681796,0.07086035964172056
ck_255f0e5888ae9e23,0.028020396168697094
ck_65be698386474170,0.0031970503110361585
ck_5eec9ed855c26000,0.0026186064180669863
ck_5ab39bdc9610f6f3,0.7947795687579823
ck_1b5b75762f033462,0.03791380091439206
ck_d3e208671cf37f91,0.6051848969231981
ck_5068ee554ceff971,0.026561590440232007
ck_d7d50fb57fcb2d0e,0.0017387166223992107
ck_ba6e1115fceaa067,0.01948582797834731
ck_d07bfb16a4a7dac0,0.9197614904388132
ck_ead68310311690c8,0.8802220809209297
ck_ee53ce862bc9c111,0.021157239207271628
ck_97e56e6037024dff,0.0031886895745144956
ck_80b04344c98ec072,0.07398284535111294
ck_5954f45a2ab45f43,0.01392808057792284
ck_18ddf7e836256e3b,0.02117682283791516
ck_89a1a780144d808b,0.02582392533709948
ck_a7331e8b808c39aa,0.10672741699756873
ck_a1fd0ad03ff9b776,0.014540465773205617
ck_c0cf50eef030b401,0.0017365058642834252
ck_074f20921189e7d6,0.015672970091743656
ck_e2aa7be60794593d,0.1799064763038746
ck_72771757dfb7f7a8,0.04654248417498952
ck_a9cd84a6dddfe584,0.03325689155804513
ck_142c00f9f8557504,0.019195805296482658
ck_221b5d40358230f4,0.015481837049642365
ck_a2d7a563f520b7ea,0.002667689357432918
ck_66cd34bc568d95e0,0.05953531567790256
ck_a17128972d3e507d,0.011473937867387402
ck_bda299466bb2136e,0.038271326018775545
ck_2b699066665abe8a,0.01858201921114739
ck_0ac9848bd4ba0c14,0.002911633341230116
ck_98d2f9a6ba3a3077,0.7326242331579083
ck_a872df31b28a5f7f,0.11899072671907251
ck_7e73e1d44ce82ed9,0.011686328911757932
ck_1a415416f620d49d,0.02246636479307076
ck_c95c786d2f8b8edc,0.006915202606590864
ck_e45012f22b7f91d5,0.001410916129049063
ck_aa0b083e2a6813eb,0.05543329978394234
ck_4666232ddbf77756,0.006341099770941863
ck_e08e9c8ec5f23d8b,0.05739582610457665
ck_31d4c0518e5f52c6,0.005881294538532625
ck_c1ab40638f04cb02,0.01650438589161443
ck_4c1fdd1669c7cf51,0.002166521065245494
ck_11662cc7940ffc82,0.050781091802016294
ck_2e679af24adedac8,0.0035008342096050716
ck_454b9e21b7f25a4c,0.0022130660062613145
ck_355c4f29089731e8,0.8243472461791216
ck_507e40760a24d2d5,0.09375377864202732
ck_0943e0f305078e34,0.9874610655369221
ck_abc54ed7111e9ed1,0.0019519823091095237
ck_a60fe02fc04407a9,0.11033991402968256
ck_244b897bb4d57c1f,0.01011183080325075
ck_8c84fcde93a04334,0.20029528899562307
ck_9eea37d2de633b27,0.00559528119232471
ck_b2cb9e6610eca967,0.013426587928557714
ck_09aadb4c41b166f1,0.09817371480719948
ck_8d94fbb4828ef326,0.0028018963755493047
ck_089e3a07abbe3b8f,0.003036812619522946
ck_dfee9de05e3971cf,0.003917499329095609
ck_6abf8302ce052451,0.13704187368801055
ck_6ffa90143838a4a2,0.0018566142684202259
ck_325caeab5c7a9c3a,0.0025913475474008104
ck_1964ee9db929a173,0.7147613395806011
ck_942b95988a6245a6,0.09133327955409376
ck_913ecdeeb8e21a9c,0.02364694802814129
ck_ecf9794349eb4b3b,0.040392610790475375
ck_b6cb8d6ae828eed1,0.08954039326919826
ck_2f82ea66c4f53b33,0.134331025121263
ck_6e676daa4855b58f,0.06002597550748818
ck_2a37fef48b44e9c8,0.035906177874271625
ck_3bd12d468fdc2450,0.011006275278286695
ck_1a28b6a40a6bd3b4,0.040536939694919824
ck_61b79dec96d15713,0.005218263523962368
ck_31d5e3daced93d3c,0.019671480753625185
ck_e6c8611c0cf233d7,0.002766423964880751
ck_f04761b4a937ac3b,0.009516080610882258
ck_38c1c75cf055031b,0.027018914295626806
ck_59a561f3df01441a,0.025311873540501493
ck_04e40f556a5062ef,0.0321581211852686
ck_8409716d174635b6,0.005249816985172235
ck_3019afee83342701,0.05018724551270824
ck_b51a58e7f032c9a8,0.058051526523964496
ck_5043e474f848346d,0.02228401059502308
ck_4388abce33ecd01b,0.5265922181786773
ck_c93def7392f0aff5,0.06554784830566535
ck_72e7b1acc19df820,0.005072656936939301
ck_f253130dc3ca5b3c,0.0028151679828603833
ck_eb264d1b180d4b4c,0.06261439749573662
ck_c2504f5a113433ee,0.0029410581274862545
ck_c16ab1e4dafb4910,0.1540404690765862
ck_4bc42878fa180991,0.03799109025747089
ck_1c771a7c78f6622c,0.04906478710801079
ck_d523f0e50a2747ad,0.004972414676448169
ck_9060f4e7ab7a1b0c,0.04203184594361385
ck_6b55ec4e87a5e22c,0.051551054004844166
ck_55fc62a5f89a7251,0.012412472372021423
ck_bd2545c62f258231,0.07313232970470301
ck_1ccdc69d0bb712b4,0.01015961530437785
ck_710f867a3bd5898c,0.002439854321991906
ck_f91d48c40337d375,0.0061752288642998214
ck_f76d929541ed41dd,0.017522040220314845
ck_e26a6659c237b650,0.02963918555423231
ck_184983177b73dea5,0.012026087309587062
ck_6d0d081bfa8a0022,0.02445791449651837
ck_2f6e64f638da0f97,0.0016286129630875446
ck_15b93103ccd38609,0.007044387423988498
ck_094d10439b7b4eac,0.002549662904611776
ck_d2ca47180a926ba2,0.03555499259229455
ck_a69ca7b9d70972bb,0.006504019606716791
ck_68914e67343a7d32,0.005351057093645165
ck_8176616132458c0f,0.02980517491123021
ck_eee99af3598311b8,0.05137829697996967
ck_94410eedfca91304,0.04928145869969665
ck_cfb11a0a2325bff5,0.0021183001257311608
ck_75217ee144b715f8,0.03272757170811076
ck_d56fc799542299b8,0.002757467241642198
ck_4c352dd3e7c81269,0.14006694025865826
ck_e23e50e02cb3904d,0.12192363137056224
ck_b921af37d500e139,0.02086052696767851
ck_82181b935360dcbc,0.9821233494976989
ck_22a7cf3b99c5e5fd,0.023970403025747884
ck_f67ee7910d532216,0.0165862205723409
ck_5f48762a14a0326f,0.0013014073627950055
ck_1757fcb0e6e3f88e,0.12637986522622344
ck_2c2f080ba185016e,0.04825739784942529
ck_4c25570eb72711b8,0.0020460605089747405
ck_a3be871ca22ac416,0.019264831819747596
ck_ab70961e7c6695b2,0.01104936419986056
ck_a1cdebfc42a52448,0.003768154163303766
ck_f1b80b821a20186d,0.041502205267140935
ck_ae668e4564cd2aa1,0.011037565269806256
ck_0e2bc3a5afa439d8,0.04619881817856622
ck_3dc378f37d0b74b8,0.030294632466322767
ck_9f9555197480d1cd,0.009144621258077334
ck_bf4e7d48770a4a8b,0.03492623182719777
ck_614ef655f0685060,0.0034560283900957906
ck_04d2ea38ee27770f,0.0015675612310883586
ck_e03a9d8ac94161d5,0.005355498369212159
ck_d4007b5b26d9d854,0.0012227698211344732
ck_2dd147ce6d61749f,0.024195701546915006
ck_ff45764ea7d6619f,0.027605529880891235
ck_dbc487cb0a6c18da,0.9719408431866245
ck_791d5392bbd80447,0.0035789084330900807
ck_b4068439c413b150,0.04081160321564927
ck_85df7b7de9700aba,0.0034549032555508154
ck_001e42551cd06e40,0.00797708960676027
ck_a6c02ae50932cd9d,0.005961753684813564
ck_9fd0be2c018ff5e4,0.005711479026228525
ck_32a495128395fde5,0.0017655492356913008
ck_b6f2a2fd232c141b,0.01615775663861861
ck_28dde633692904b0,0.07182350374921083
ck_a1a93c5f375f6021,0.0020304594775220697
ck_e3982142336782df,0.018741995554458733
ck_a9812ff3c111ea94,0.04208602206110401
ck_f04062216f95fa00,0.02828092298699086
ck_7c560467daca735f,0.0002704888170355508
ck_76ee10d6e2dba70f,0.0953448906730784
ck_3521243bdac61178,0.02097074095766223
ck_28588fb03b320520,0.044895815714931404
ck_580dcec33ec232b8,0.001505245713790346
ck_7109923fd7dab20a,0.04380928990229009
ck_7c872c99481c1e9e,0.019281950646997347
ck_46f4e1f5026f4d1b,0.0007113593994484257
ck_00d1ebc31ec4653c,0.007045367899266538
ck_aac70764dde15168,0.017227113400789862
ck_648c03f9aa4e45f1,0.0058692248768020695
ck_5478eb69ef912785,0.13605493220196355
ck_79b8523137bb2603,0.0318571822941333
ck_795c49f312640019,0.0004456421875798269
ck_89184bf7b7fe41cd,0.2031821116127902
ck_97d4bd922996fa10,0.007124320941339187
ck_1cef30d08f3a598d,0.0018664007305057033
ck_2f9fd36a4a40a6a8,0.0014962583722015084
ck_40780fc0f8d6f309,0.014903387850708166
ck_9083ca9fec2a7f4c,0.013499163058631565
ck_62081bc35aa59931,0.009212507701574422
ck_2e1b46c5fc56b863,0.24373982922412746
ck_3d139692c51b604a,0.20196159484628298
ck_b5e54e22e3d6960a,0.007482732016636973
ck_c0c4be3f44311b04,0.009163117580836263
ck_82a8bdd2692c2a5e,0.0008217520109956514
ck_bdd2da300b530c5a,0.00594749123059437
ck_ee40498cd97183d3,0.009993724267394354
ck_70b9274473bd6dfe,0.009643072436457456
ck_473d6314ea614b29,0.008026578422002608
ck_7443d6dca8cd1352,0.0022241579705839774
ck_3b49768b448b071e,0.08126672474397036
ck_b43f04431c267dea,0.0025999666136064313
ck_4424a5223ba2fe00,0.033800658143459505
ck_819bf3e8231f4081,0.020102770592236863
ck_91d417507a8c58cb,0.13081200714269306
ck_e88e86b19cada4aa,0.03663869397797415
ck_59684167f9c6bf4c,0.08159147609363228
ck_d5f5b0dc97b9dc27,0.0070168179749974975
ck_13d1b192bbff8f32,0.023772824635333988
ck_b21d8630387cabce,0.002934005386116982
ck_e4ac22046699b99f,0.010259285461708477
ck_74b848064f2ff45d,0.009217010720254113
ck_166aa980cc87fa77,0.09114898392931156
ck_98e337806104dd88,0.0017323673362567025
ck_66eb09be007f0755,0.0188675316083375
ck_3ec9b9d8dd7be11c,0.02305845268706313
ck_8b8b9de339d75d0b,0.018945526628608177
ck_6715139e240007d9,0.010656574769985758
ck_a0255ab46e122d2f,0.0007498844917555205
ck_66e81a4190c33510,0.008462053751883285
ck_5d75ea4f5c9080bc,0.3871029748812552
ck_df69858b8a8b3165,0.004738955471127489
ck_e15252ebd7553422,0.003750782138265421
ck_34d6d74bb3ed11e5,0.0026626225282061003
ck_c2608f78f6851d10,0.10154552620304262
ck_bb99071e8f58c8a4,0.7855711911824255
ck_06010f0df5b7cef8,0.018281913079118597
ck_8c582eb0f6c0148c,0.014368775491948867
ck_0034d010d28aea78,0.025613115300791328
ck_01c1f06692566ca1,0.009745828852486812
ck_4807726e797fb893,0.029631534012118932
ck_edc9668282e3c8cb,0.02179251029997325
ck_5486768475af7bb5,0.7418535031433511
ck_3fb9813849e51837,0.01123137137679404
ck_861af5a9a9a6d619,0.004520577727157553
ck_da39653add0f1109,0.0010616842203083011
ck_74a4244eb1f162e4,0.0005251862093827146
ck_9a930faade55b8ea,0.002203482947458645
ck_fb6e06ca88519dcd,0.01995823270772639
ck_9776cd8263a9f415,0.01923502233256838
ck_b3dd1198ac5aea73,0.01438309148569108
ck_b6675a04df1a4276,0.001628326919293458
ck_5c7ad6e731b69333,0.27120430475491
ck_28dc0fdbaec00580,0.29698241973808176
ck_8e7a32f7e3905f4e,0.0563975432058233
ck_8563fed6674afc77,0.026289517487909888
ck_9a2fcccb82da663e,0.012012880037471233
ck_6a519bdac0d94527,0.0012571886098665438
ck_a0dab7aa9c4a39a9,0.006468124377914544
ck_a3ce05e9e5e32142,0.02490912159203305
ck_7a7e40ee3f97c035,0.014412233967231477
ck_9e9a830785112a73,0.019375368815545614
ck_ab1bb02f6b189304,0.01681994133161408
ck_7b8cb0f90fbdc8c6,0.01878735381913597
ck_b138fc249e659e60,0.01564406391062932
ck_e73caa3771ec5e0f,0.007264041638009083
ck_18a55b06ccccd88b,0.018129537107132897
ck_fdcb1d9265d8fec1,0.06931980155291437
ck_e21a900556b382ad,0.028711305236050373
ck_c6bf67470f526771,0.016990445958998283
ck_b568ba3837afb39a,0.001158484884136265
ck_a2858979dd5645ef,0.00655708596711111
ck_1da9d40837ebaa57,0.040422770666085905
ck_9341c7959543c542,0.0027343322086352552
ck_c8ad86806b9a2369,0.04726792646333238
ck_5c85d93ecfed4b0e,0.0027107460142149035
ck_f07b09879d697b82,0.0012929281097214579
ck_fe43da07608b1749,0.020607492420943813
ck_4bca22b5926b9c28,0.0025377102692498185
ck_aba573aa942b1d41,0.011185235624779851
ck_57c14e32fa4683bf,0.003175265079596342
ck_891530b489ce402b,0.004588269057570354
ck_5e74fdadb93ff293,0.020054136061222996
ck_14436a409ebcc90f,0.013362370658239397
ck_00013fdfa0bd37dd,0.0060025770861437365
ck_7dbe24ba01316775,0.04156755775788714
ck_0e3f80c1553c591b,0.03519541649176689
ck_3edc45db58760d76,0.008946978262999953
ck_29076a13f539187a,0.3980717824848617
ck_b1e81b58b9a545ce,0.050313198267541825
ck_3f8571d4f7420b2a,0.056118511199229074
ck_7dff6abe4bd644dd,0.5553368621046164
ck_2884bab237af16b7,0.007706571829125996
ck_231e6dd1fe708000,0.0057685135606249174
ck_33ecaa7b892e73df,0.007001219254570639
ck_b109ec4c63503030,0.007705314121905127
ck_a7f522382509cef1,0.0036934893949585796
ck_748b3ea941d8b3b9,0.003509041396797134
ck_29f3a1737a2d9634,0.011148347965454278
ck_cee8d42475a0f020,0.0011647024272718087
ck_c6b6ebe145a8ffab,0.006215386457094256
ck_21c99e1d6b881894,0.001479948259967766
ck_5ad798286384484e,0.0857321229798378
ck_b621b6ffcc7f4848,0.0011563518316863208
ck_ea819e337233475c,0.24786247230662695
ck_9e3896c2668ce06b,0.06789604767500566
ck_501dcf1ead036d2b,0.0072389630062642445
ck_8d5eda29a2cffa3c,0.013875773178330691
ck_4d3aa36ff83f1132,0.20643631826856282
ck_8e9faf94e3e6c757,0.0009783869827250278
ck_ce0ec41f96951048,0.01599648801902757
ck_f09165d73ee903b1,0.025480379549198233
ck_a432b1bf1d3b3d5e,0.35388704638862245
ck_ea618f720ff0b4b0,0.0019147713119787636
ck_7584e7bd755cb28a,0.012978774320473495
ck_e14681aad43e1a72,0.021682779817557847
ck_5e18870d8e30e379,0.008149307787413764
ck_ff7c26a62bda8089,0.0010107338991608532
ck_cc5a35175d381d5a,0.009255428545446412
ck_3c25029e40aa8a84,0.006523542912183908
ck_771247b5bc16c12a,0.005474263973978789
ck_664b5e02759f985a,0.0031288294114778744
ck_692a9e8f504b9762,0.0007987105620595933
ck_df8ad2deb0a4ffed,0.016828616203437462
ck_eb48c0bcd12ea654,0.026797660469571962
ck_7c77e597c951cdad,0.02290304243529659
ck_4f75144c6f3b13ad,0.024377670557624367
ck_1bcff399166d7c43,0.009412525934038966
ck_975c2aa3d4a8c51a,0.008675428854926328
ck_bc6f07b06aaa4ce3,0.16140825306440715
ck_80b072b7f3c7e8e5,0.018739716311600093
ck_471e4018a23b4e56,0.0030885898944221853
ck_53cddfba570b4a3b,0.014801015116668535
ck_630530e50764f229,0.02545493795127848
ck_dcef7887a4f1e435,0.03698745024658329
ck_2795921a055643f6,0.004514735530154892
ck_7456df89f3792235,0.0026826472584332572
ck_5014a3b07e1f049f,0.20058255279426135
ck_d4ec44760cbe03f4,0.018769769050930217
ck_96810ad39d4cb7b0,0.09206981492097376
ck_3222ea25aa29bfa6,0.0009866133745001374
ck_f6c42001b84a10cb,0.47245324109486764
ck_5ac86682385c86b8,0.015274694508761828
ck_4280c33af57eb4f4,0.0017458779240357273
ck_05f79ddd8eefaa56,0.01755265979789568
ck_3a57a13ce032a6fe,0.009684491166401228
ck_a721f0d635fad68a,0.009403119878345795
ck_a3f821bdf408c326,0.009650536605021298
ck_0ada63008be5685a,0.03272898151136975
ck_8c949bdc6e8720fa,0.08401410647034244
ck_c0d2c56f9c722e99,0.898008203713578
ck_5d2b9e6e087b8dfc,0.9978233118279608
ck_5217b55593a332ca,0.1850071698422263
ck_7a7bb9be5a7e48ad,0.01991107830367595
ck_24cd0d779e866287,0.0019059613582883214
ck_7367917891a63771,0.031978313390602926
ck_4b31a8862a857e6e,0.8583357721092992
ck_81429c4910ca46cd,0.00331267582300097
ck_b35d803568f82d9a,0.029755154348083117
ck_4b00e75c2d2d0522,0.001427806048316174
ck_77fced07f6dff42b,0.014201935837011929
ck_3c9a06eb07c300e4,0.001356443247612433
ck_b3867f7f494db64c,0.0025347797962989734
ck_0c45e54897ab34e2,0.05706906487276119
ck_507a6a580ab55c76,0.018342377334188132
ck_291bffc7809f896a,0.0022903429739425914
ck_3753cc5b9d02e2fd,0.002035280968347403
ck_4f63d5245b3ac1dd,0.014476543710106387
ck_9dfb2ae78659240a,0.012274269867678985
ck_90f6f5ced708aa75,0.0012561448345715796
ck_8b5b5a6b5539e39b,0.8357694699366353
ck_4719112b55d20161,0.015407367735625201
ck_fec888a7108ca52d,0.9929726747822114
ck_4f5d022c99f118b7,0.1832554155701028
ck_e967ff05514b697b,0.10479940514159782
ck_839ce35819bfa4fc,0.0006761478483465781
ck_bdee1221b9addff8,0.01681221655290011
ck_9cde4036d0914427,0.00448673439273318
ck_5ac959cbcc5e98f3,0.0011156845909691437
ck_619842688294dabc,0.01708147627335438
ck_7373d7b04c7799bd,0.01695895955134719
ck_c1dd3feb9a0b6471,0.026109073605637405
ck_0324a4812ec319c6,0.011759612316634681
ck_7f3685aa2933b251,0.09773479417980876
ck_06aee5a62a67a84c,0.07977925793383346
ck_3428910b44b9d08f,0.013922894439367846
ck_c3ba7534cefc1de8,0.014999802389132458
ck_1f1273a67cbad5e5,0.7871231197319585
ck_124565a11b2f8bb8,0.014479211564563915
ck_38e46bc861e0165b,0.015135846641113311
ck_c8ad3f01319c065e,0.046894644697921074
ck_3f94a34f5038f7c1,0.6760674573583623
ck_cee56be5a502fbd1,0.10738712987000622
ck_2b90b76cf4d162f9,0.010653292542837013
ck_884b2e463ff1d54f,0.004563999114506462
ck_fab4f2f8531b4827,0.02814328816100313
ck_4fc6256e0e60a926,0.011387166739434008
ck_0a2f8b2f8a5b6f02,0.005264676519525831
ck_9c0deab8a8367c5e,0.0017398146448764336
ck_d3a2a4c011fa2554,0.0012135152353716675
ck_4108b4038f762817,0.745245999362111
ck_4df036e2aa7e1056,0.00791480172203867
ck_ec094eb1cbb3efc5,0.0020745731139841022
ck_09f8f51bfd2492c6,0.022203493251148766
ck_b60fb9a10d6f4489,0.04221876710687619
ck_3638bc3388dbc1bc,0.24448429313738354
ck_7a58e0cc9943c39a,0.0025739023971097954
ck_37dab6a0a536ed49,0.043876255745504154
ck_adc576690df5b33b,0.03957279009148437
ck_1383b2b1875000f2,0.009440149772535576
ck_43c1248db37a2eb0,0.006030065559055432
ck_29c11bd68858e923,0.0019151646065655138
ck_9401f9e11f65337d,0.016728600791942817
ck_ce5ed372b1a2ed6b,0.015123152643597216
ck_08b4619490e751a8,0.6533803194833722
ck_44b9125526acb05d,0.01830574946985239
ck_ef1a1de20d2124cb,0.03593742383037998
ck_e5e2624b7fc89774,0.09277126344407026
ck_f5100511609b92c0,0.0006810688938873131
ck_64f3bb17101b7c42,0.01606733726244827
ck_ea1e5b5128ecba2c,0.0029818921791183654
ck_516163fcf04d5e77,0.028191061110469724
ck_7f9a748110d70005,0.007732960304898194
ck_d263b55f0a681cce,0.029977831033186002
ck_0e962eacf98a813e,0.008778293990478645
ck_0406931800e0e2e6,0.0019531815831335007
ck_0e9b982afc88a3a9,0.9861837209102211
ck_8bbb625384edebd7,0.0009849210413627396
ck_5eaeb87bf6207406,0.8862490512185015
ck_cc3318839c4b0745,0.012461124317512952
ck_08a0355d1f1890ef,0.014157774876002779
ck_af7ffd1a822460d3,0.32795024448269006
ck_2a09c7aa870edb6b,0.004089069607379634
ck_bc04f51c23290bcc,0.025470119859563673
ck_d3a8333cb389f4c6,0.018264742292312123
ck_88e3dd3039508332,0.02837171597555048
ck_b8c7771de9b57705,0.004002519166033309
ck_585ababa02383b50,0.013560438144078958
ck_e988c108754cee9c,0.017143741846711514
ck_4a691892d9d6cf89,0.008165293962793013
ck_7cdce37d895eefb8,0.026287027206968367
ck_483fb981a1fb4317,0.006227653433817641
ck_c1e5182bd99e0e35,0.154224796413712
ck_9a1e3ec9a1839939,0.01756476484073849
ck_5c3f13de0dbd5086,0.016852036594202865
ck_f4f6f0caaab70040,0.002388780727279735
ck_791be3378dd7d64c,0.012403854990255484
ck_956dd784525f5886,0.04683056751951316
ck_098167eaf124c279,0.07718420708776583
ck_33ecff7914349ebc,0.01016037522982133
ck_e05d44e46c7174e6,0.0385070011739804
ck_1b2ce474fa6582b4,0.017826407859392233
ck_ab581082e8f72e3d,0.002863758376828776
ck_e63256667aa19070,0.040388249689752194
ck_f568772b6cb3febe,0.019038653496025862
ck_dd89a282375bbab6,0.14446799484951633
ck_a39d0bca345b492d,0.0025174977534162036
ck_d12d2924d0f7a64a,0.01698040684175453
ck_6a548da1728b5823,0.9896476981025084
ck_6d64193681d2a94f,0.08845746164536047
ck_ced6b6dcdc7c201a,0.011529654943183833
ck_d1b0699d26282871,0.04589741039812847
ck_58f757e40a9b8877,0.024437527108561563
ck_3272c2c4a37d5220,0.1303637990938018
ck_d94dfde9e03c9d1a,0.031992940156326276
ck_08a6d4903a7fbaca,0.013591221315344355
ck_6c72a36b05fa0f4c,0.03301689907292859
ck_dbb4bd4eda97255d,0.022358519076199467
ck_94b59bbc824b307a,0.001632209845139649
ck_0229a07185f15469,0.00901259074048344
ck_11bf1039f8b3025b,0.012091934293857038
ck_36789ca11459131e,0.04131487060984161
ck_8572c5f5c1447c62,0.023361634970194046
ck_9e75c6641939f4fc,0.10601618961075578
ck_b45e47c39d4dc7bf,0.020459149977466718
ck_02903c48b6cfd65d,0.003465764021099469
ck_b153386f1729de81,0.00934216124771787
ck_36979996f33498f7,0.30627704287820434
ck_3c02d4dbbf6716b6,0.012484372282386363
ck_66c9a19963957531,0.04907741781787683
ck_bae8dae7cfd8baba,0.0011968841045708948
ck_bba0ccc6cd968680,0.027665154056810578
ck_3267fe3aac05c71e,0.005963528115793491
ck_40052cac10562cde,0.012858835200374844
ck_d973444855403e2a,0.010863322756406613
ck_012519bb095ad36b,0.9903689294982639
ck_ad7c256ea10c4a00,0.1472213098643563
ck_70a60e095e9b706f,0.0029542465654987947
ck_f2734417c0db4ee3,0.00025035501074123967
ck_9cb89cc3178e0172,0.00955546061476152
ck_779cc0f2de4d5488,0.2686697514361396
ck_35f8656bf93e3b3d,0.02559466704208456
ck_bdd8eba728800e29,0.04501131109592621
ck_002cf760d173f0f8,0.030490500380915067
ck_b046067c6ca3831e,0.004027097261643596
ck_a4a42d4bff8af645,0.005748926082656284
ck_bce253d2396681a1,0.03166913295366154
ck_00dafc060c8de32a,0.015330438914210046
ck_968a99e097ee78c9,0.04211263154349438
ck_66949171b387bb93,0.009878952608639767
ck_ad305286702b1958,0.0011536440346925157
ck_4732da7e0d2dfc7c,0.007593952108655544
ck_17a95bba77217d85,0.023952124259400024
ck_3e2516a3e35067e0,0.006998314653744401
ck_0b615ed566da1f58,0.013016296011901358
ck_d2b3ce1ebabe9f93,0.012778872940263544
ck_a892252e4e0c2828,0.008689331132335318
ck_cf606fd6ebfdf9bc,0.019674750155300336
ck_718865237134ebe8,0.009737770556607132
ck_878522cb775b904c,0.09079087993477769
ck_9ed53de6ef779ae0,0.0013435952187699442
ck_3f16e2cd7e6874cc,0.01901782626902177
ck_3c59df37895ead2d,0.010084040139169801
ck_6821459b626d492c,0.0004813184392329442
ck_11c7667920541587,0.00857313757756764
ck_23a016cf6b98d89c,0.03828043806387345
ck_7137eeb394d200f1,0.03618656941236951
ck_9c4886c5c90ddbdc,0.004161745953865171
ck_1422a7bf7756294d,0.6642846363284971
ck_7ebc5fa7f0d3b8f2,0.01715702381792619
ck_fcc2059a8d5c41fa,0.06208822230676654
ck_00ff7389d6a83e29,0.06168457895314944
ck_03129b41457795d2,0.024142502770257385
ck_38ba64efa7c38250,0.03732461490772813
ck_57a6b56b09bff24e,0.008236522625316158
ck_e3b3c5a80a567418,0.0032950525168203935
ck_fc40a16adfced018,0.002926933491020766
ck_9d4b5e6b43bad4d8,0.0020617983006125263
ck_61129937ee466b49,0.030317559706650187
ck_74112e47b8629c2a,0.051185028380313975
ck_b4703ee97f94d7fb,0.0007912700226851921
ck_e560f720a988d8a2,0.8501615952584229
ck_708fea345f68037e,0.0009066650021926594
ck_25394c1b83e0b803,0.0163413595136975
ck_17ab24fe914ae44b,0.0013100980865544298
ck_16c501470d9bb006,0.0010613485389400728
ck_628f449e248c19b7,0.03153712799265931
ck_6d64190623dea714,0.006056887062317021
ck_504a45ee08db72b6,0.006297380126144998
ck_6cbb011e0c70bc7c,0.0035697614066476403
ck_b3225a98acd04f83,0.022879327245764563
ck_aa37993f1c17cd1e,0.07890151900032308
ck_558cfe5f77a55a9d,0.0166582527410412
ck_0d0a1a021efea5b6,0.04150270140917207
ck_daf7aea023b7a8f6,0.019259808129833363
ck_d75f25184ece2b51,0.010815067509242876
ck_466d4b5366c50b98,0.0010882376705546387
ck_88f27ab479063852,0.02180455485940299
ck_66779098e78c1760,0.006604791257754875
ck_b150fe4efb449b05,0.006122690186851112
ck_9c3aa9f23d01fa1c,0.009125596531315837
ck_6a01c375fc26705a,0.0020786981676758536
ck_002eb6552b504ea1,0.010413813729559143
ck_affa5aa0bff9bb0c,0.010516095458422614
ck_027614eeba8b1a4b,0.02420673598557665
ck_67e075c982add719,0.008747214274977908
ck_399b0d510be98bd2,0.019295860083729906
ck_e9b0bca7368555ef,0.0016141520862865228
ck_59c29d9c57b4f994,0.007675548318212366
ck_37176850ed68831e,0.002946221852561527
ck_a0db4ccca08030c3,0.6982025774003848
ck_aa188e5c25f7f42a,0.032753000423009104
ck_7de6997178207800,0.0016620945358951384
ck_c729d19053387be9,0.07895668179057026
ck_f2d3e3d90608596d,0.2793076450107361
ck_2db3fb565e0211ee,0.0027628197107952865
ck_bed8a480e27e911e,0.019626018329161887
ck_d7ad9921a4d25926,0.02864395957565299
ck_2a59f23fc5194699,0.12691829158690687
ck_63601a58a6120d8a,0.11694331794249942
ck_efd7b9e22c6317d6,0.01798715288784063
ck_9ab42875a0f95b43,0.05356350641443528
ck_85cb5033fca7c846,0.045399598264918094
ck_5249b223000915ec,0.03332949681915497
ck_3efb0e9bf25612c7,0.003238022577027341
ck_678e74532ac19700,0.029671333200826464
ck_a980b296c95153f9,0.007821125946862116
ck_01ac687ce0d696a7,0.00615797399635256
ck_52e1418cf1aa9871,0.014445339399639226
ck_7d28da4f1dab09ee,0.068885131023083
ck_010d0c2e6c1657fd,0.019455633060505028
ck_b524f7a2e752b9d0,0.015417869870609554
ck_cc447fcc24a0772b,0.3650468572565014
ck_2cb3c99845e572da,0.008854676335191594
ck_604c710141327a81,0.004723138679393608
ck_8d5fa65717d2e0c6,0.033431652562489575
ck_31199510b40602a1,0.008252517606069019
ck_49e253ea12f4e922,0.024773031255842366
ck_780738e0d71e7e43,0.007100845830475352
ck_2cd21137a07fdd7d,0.005980728220349987
ck_5e021f2a3b66e256,0.08103550124467339
ck_efbc79246e32c66a,0.04102908004620493
ck_9951bd806c13c7fd,0.016546302491535127
ck_7a52674e2806d8f5,0.022191736667201048
ck_1a319e509f1efa1a,0.002097290580228984
ck_c920901b9a4ba993,0.9096304157492761
ck_b71279e807d0b3a7,0.02400768823664168
ck_47e1032f490bb018,0.02115718951432569
ck_192579ecdca7ff83,0.018441600994493396
ck_b1496c474c4a3239,0.0030672115542497895
ck_5e68ea2c5e893cf0,0.07226683425039103
ck_f2ecab85d4693b4e,0.004928547103989686
ck_89d7bfc81c3df597,0.013447884521535076
ck_7929284327667791,0.11531689024213589
ck_494ec63c5ce8e150,0.0079450802251635
ck_319b059bb2145586,0.054639028958030085
ck_ccb3767c239018c1,0.0056230653153044015
ck_a1c7adfe26e09a8c,0.04058164654307494
ck_0e13c4f73818149b,0.04501621693654857
ck_c285a51ed6214f52,0.1419434776061915
ck_916784595f028226,0.19739392473058306
ck_6cd8e0196365c474,0.019245949894872917
ck_57b657aba4daffde,0.05087706257534802
ck_562c76a3753fc7da,0.8807631291932049
ck_66cfc1ebc9a513c8,0.004913096342776863
ck_0f38d4aed68d7d24,0.01695457817082944
ck_d8ddf5e99f7859e4,0.009956628890425347
ck_41bc3efa0fca700e,0.014918010068608439
ck_40799e129fcf42c5,0.07921020873485238
ck_786f079389126e44,0.04801598461122219
ck_bb4c6b713eb0b978,0.09735189628773441
ck_4f01f7eac0efaba5,0.00787542340006973
ck_47d29c01b20cf69f,0.018128191514815997
ck_bf15a1f8d67a30d3,0.019644962419093883
ck_bfecad7586f65e4d,0.019479834455329324
ck_fc9f16df35190eb4,0.23774671932058747
ck_c09c914e416edd08,0.008566215783028906
ck_c54c5d8e4433b0f2,0.025210223213181143
ck_1694c28f44480e98,0.005128318400808763
ck_1dcaa3078dbb7571,0.0009681744532580634
ck_af559f990c640e41,0.006106789135736569
ck_9b436162039a77d0,0.011898531700271036
ck_79d62ef181bd0cd8,0.005813883696883476
ck_23caafc2cd34242c,0.02692406673039879
ck_ffe2aa26f597e552,0.019642545840831586
ck_e6ffd0754ac08661,0.0013755647689968284
ck_beaacb4a783db21f,0.0027388595957271813
ck_9863bff41d24ce9b,0.012653505403721765
ck_323b9cc5c49f8ea0,0.41541994825899126
ck_ab3de3d3e41c2082,0.0033013202358699164
ck_35c93b2924900376,0.00950904217669413
ck_5a9d5f9901e37e31,0.023980770727115474
ck_782b0be796164335,0.003611464987581238
ck_11960b5f1c7a5e2c,0.006981715651714381
ck_9a66cb13a9884cc2,0.015945141035324836
ck_ba666a425930615a,0.0009711192289944173
ck_40140bef4db73741,0.004763201117124935
ck_e05e91cc180063d4,0.0533582967882689
ck_c7f6f45710bc050f,0.003692166945703275
ck_055fb9f2e1c8c934,0.025316265280111484
ck_58bb02d98e2b9cd5,0.018151747278396337
ck_d9f8efa6a7800f76,0.011083140368791293
ck_69691226c68fd50b,0.39267939363474524
ck_6f2f0396e5b1c538,0.9916235715000365
ck_78bc3f1d0f35ea6c,0.0098657491274914
ck_2d5a6b6636a2596b,0.0029289617521891303
ck_7878545739af0a73,0.0008443867304082395
ck_03c4fa4f3ed3512e,0.002131176469082529
ck_1a9e51d092d62c84,0.2580635329613937
ck_9f3861940d8d873c,0.10608197126046329
ck_4684fdd61c6a0fac,0.08097794043710331
ck_715966f86d5c913d,0.0012347409823143122
ck_77f293d44b4a3d2e,0.04020038747555657
ck_24dae044dc05f849,0.03895695712858016
ck_00b9818e2064405e,0.26597290031838794
ck_c1c2cb49c3c1b0f5,0.4418728172295251
ck_bed50fc64fbbf8ec,0.006473138413967895
ck_4f6ed5ea5ab7c429,0.011231253815983994
ck_458531c22ec2f9b3,0.012348006568268871
ck_51c50c4c443df31a,0.2839278023982855
ck_732d45bd578dc39d,0.010323519905202347
ck_783fe5bc20cd02db,0.03357738232871808
ck_7f188aaa63d1d442,0.010006965831620574
ck_ef307a6aee38d1fe,0.8355283678590685
ck_e37196b20968b73c,0.03828043806387345
ck_4ef9de711c3d93b1,0.05592079465562712
ck_17946516d5df71d7,0.0051114538698092534
ck_3534be0f4efd313c,0.016995842037457187
ck_29fbabf855cabdff,0.0012686637654012586
ck_191673540d8486af,0.03520060133195813
ck_5f52728d777ff2c5,0.020936377929503563
ck_a045a19369016818,0.9950960103794194
ck_4eadbe7298b15e96,0.016053085669622758
ck_a3a0bd59729fe619,0.006938670629700836
ck_a1e77090b1c6ccf4,0.013207872390740392
ck_69ab9d4784eb77bd,0.019042760036407997
ck_baa47383ffd50f04,0.014511959090322763
ck_e35b2ed08b9e55a7,0.011669828297237325
ck_b6e3af0a5119d9a0,0.06069553258483198
ck_a7c1dabf3869772f,0.0302811072423036
ck_80b8fca67a14e0be,0.5380818671736888
ck_dd9c5f0c42878e67,0.0014425013423482388
ck_41ef7967faf5ce82,0.0003674436793565216
ck_a93560aa348d6225,0.0644045606518829
ck_ffe91d6f0bd93fc6,0.04372901012639132
ck_fbf630c960194033,0.03268483195240689
ck_497ed60723283c0b,0.022859251794052262
ck_2a46b7ca55239413,0.01342080843911425
ck_1a4e5ace078dd782,0.02082503743743387
ck_616cc31910f5de50,0.004957760320429063
ck_0d65bc749eb42710,0.027754705865861585
ck_2408db62e4395ccd,0.017965522165750755
ck_5d7721930106dce8,0.02320941044080536
ck_e8a6acea22b20312,0.3395239356275411
ck_e2f792fae128b18e,0.15509184525367994
ck_e6d3ce445b86003f,0.0034883621994938477
ck_263334d722ecbc97,0.31441796623122703
ck_8c5b29f6666d4874,0.03660796736592665
ck_7ea0bf310fc20c7b,0.8706511794025179
ck_54d463f7fd89ec3d,0.027901797127036658
ck_79e45040dbdd6447,0.02816853923987401
ck_60b4d59953505682,0.3977033007297611
ck_fb00dd5021642507,0.012687883371139155
ck_f409ff994a210601,0.039529094038557526
ck_2ca0020038bfec58,0.3707756196713879
ck_adf84b9df54c3d80,0.012598056162424456
ck_942dbf632591b65d,0.0739490144303692
ck_454a7e4d859a3409,0.0007890041794857538
ck_2139062d4569aa07,0.0064237698877310295
ck_e949a0f4df0b3902,0.07520001215482702
ck_bb113e3e6716ed65,0.03517968852781137
ck_6a28ea6ce69cb869,0.14146433596380192
ck_7df9910af2bba21b,0.012077170492667526
ck_78aa4b731cbfe251,0.0037392167161870095
ck_5839f5cbd8165b1e,0.011616551573012498
ck_7158ad9e58769ffa,0.04732661900467992
ck_acee218cbe61df69,0.04096836990988195
ck_f8dc8473c2772729,0.04163960812240963
ck_f34c93a8173555b1,0.10179193847137943
ck_7cf301d075e4e709,0.005865477058481043
ck_b87e88ee5512ea17,0.0014586863914477148
ck_bed0c020b10afa3b,0.007606764534281386
ck_ca10102961f99eb4,0.0021639016108148503
ck_393287947b5c8d79,0.031149100387437696
ck_2fe6cac002142f67,0.11110557820185255
ck_79c7f0d29b1db1cd,0.11617939127335433
ck_c735b643d3cbf67b,0.005854930063352606
ck_ea4332c8fe48e2a3,0.009909708810473964
ck_d39864119cdd460f,0.0057116571337857795
ck_3b963d6be2773861,0.004222327544640744
ck_df39e3b8a9fd0bfd,0.5156191553818271
ck_6236a461dc0d11a3,0.003474534875274461
ck_475ebccca25e30d1,0.008049037133834697
ck_c10c8bcf5bcd516e,0.04412047376868967
ck_49ccc3716a564256,0.002930962937363247
ck_4e4f99102f6938cf,0.004364411250556567
ck_a97b481ade6f7972,0.0714797449922664
ck_3fa559c679751b3a,0.020791846773779477
ck_3eba1fd2c7acc4c0,0.5892330270776813
ck_18c179b4afc4fccc,0.013880177633191134
ck_cc1c0b93d05b7d20,0.06428297411346098
ck_742f7c28ddd019e8,0.08786654220867893
ck_04470bc93b8a0d71,0.015839262195608095
ck_6e8f8ef7a03cc6bf,0.055017125378752356
ck_eb1ddfc353b4da83,0.007141264083580605
ck_98831b57c7ca2e4f,0.0007014679368289587
ck_a6c7b8d6e8596d4f,0.04575614571761341
ck_cd7d24e3b095e96e,0.11672703658234163
ck_3f5ae4673a9f858e,0.007388042197557902
ck_05f375fc8ae0afb0,0.004202398394043808
ck_1fc98436281ee39e,0.0021114343601154988
ck_6c48c58678f64bae,0.0014618592487849783
ck_8c95aeec6a4c75b0,0.008679083902729043
ck_364cde38958b7af3,0.2458004329552196
ck_85bf21aa1a00452f,0.00316771271109993
ck_796d3eaabc667c23,0.997539578973525
ck_ac449ee0c315edde,0.0026864278604030855
ck_6f9fd15ac6b163de,0.0012431090568729825
ck_4087065be2a45ad7,0.19050386817572973
ck_ecf006bbc78ee3eb,0.08957073768198814
ck_8ca808cc5a49cb5c,0.028811414876923222
ck_94b90ab8b2dfb50f,0.03126878858169356
ck_59fd11b3232de9dc,0.8902058081193529
ck_67f3794d93e2dd67,0.1248853449622326
ck_b7f5acf5df1bb13e,0.01140654532924072
ck_fb04ecbaebb774bd,0.014490858391889913
ck_68ef3e7301c621b7,0.02512178754299677
ck_41406cfa209b6bda,0.002576579059990231
ck_b0f8f5408662337b,0.004861026059022523
ck_0d2901bfe585c391,0.0537084290346083
ck_3398551e81dbf3db,0.08662855902111427
ck_61c3e3e277629646,0.008661089159557276
ck_2825e34dd3e7ea2a,0.004266176559535973
ck_20d7571ba830009d,0.009009538852843852
ck_c98b16f9a72a6568,0.00029531098849968235
ck_e7c8a9e4641eb9ed,0.0006745415424395543
ck_254a7c97c36dab8d,0.034057034006710646
ck_e98429675b46272b,0.0039912234298337835
ck_c2fc0ac460786d02,0.058055265912042686
ck_fba15647b3a140d9,0.011923137553477986
ck_15ce50f2704227be,0.0206570964071596
ck_8c748aaa4a4554f9,0.019981515386926038
ck_e00e82a9419ff086,0.0780228900457402
ck_832341c98254bd84,0.00699967105790555
ck_27466468d06db4eb,0.03548474996608679
ck_9d7b9e3ff1f3e71e,0.013339989711587506
ck_42c6973d3a6fe983,0.0013941076791444793
ck_877c85bad118bc62,0.0701991947373798
ck_75d2a2715259c4d7,0.03457579613407467
ck_37d3e5c681a2214d,0.18961175077629086
ck_bf285dd49f372de4,0.020172631588046497
ck_a5bdd026fa9c50fd,0.012850644936483179
ck_88d9244a9cf7a77e,0.43934013763751306
ck_5881b174e49b04ee,0.00524387006685682
ck_5b16d67c5ea89930,0.0070433099118019865
ck_b75b936aafac56b9,0.011749013018991242
ck_aed2681e1646a0df,0.04062279396849246
ck_f63cb5e8cc702bad,0.012526569737109725
ck_1805fcfc4a9e4ffa,0.849772284350662
ck_25c355da356c730d,0.05046789473713442
ck_70396398e4a96449,0.0037772618121717913
ck_0f743bd13373748e,0.03906795757087804
ck_4b387765f0e916cd,0.0025907970749694757
ck_e971faae8a10a260,0.0024695057399115646
ck_9eb08369e983abfa,0.001025946509746761
ck_c30c5844512e429f,0.03093221803699475
ck_59e77e3a81f1fa0d,0.018547869898883892
ck_ca4465f2b5c1a52e,0.947063747200975
ck_c89b9ca398402f1e,0.0029392483951657788
ck_36e72ef9273e7a95,0.012853060509134215
ck_2bdd8616870e5e1c,0.0007034964241719583
ck_216e87a41de22b5d,0.14453087611984047
ck_60f4fb44f5efe3a0,0.002374831710387079
ck_05652e8ace6ce6cb,0.001813370885850349
ck_8c136dc691e65695,0.00022940453290804425
ck_a08f8dfadbdca112,0.004732003329231717
ck_bda4041a3e90d860,0.013621322284198588
ck_15dd3ecaa8ce0245,0.4136539711354294
ck_3e3c64b3b7876ce6,0.037858574346252
ck_46225858a38b2e57,0.0031228439100330317
ck_0cb9f54928f4feee,0.03453380633510961
ck_152671fbf8a9a78e,0.03575828304326043
ck_ee7a515e87d17d4e,0.0077447303843029575
ck_f7276091bf513d22,0.0006642295276884484
ck_4f05daf1cf0d5755,0.0008099299753561228
ck_83a69c4a5d55ef19,0.030342445342052136
ck_c50fed2a7c9198c0,0.01412035053095846
ck_70d19d5650ddc8f5,0.006539927909494925
ck_4b4d99e443618904,0.016962384156682567
ck_dca0b6ca93311ca2,0.010187073321944294
ck_b7431d4706461ec6,0.006750018097333287
ck_7b59d22cadef3b05,0.243226215163344
ck_53428573abcd606f,0.026663745055886562
ck_f538ab6aecf2adfd,0.0004038854964703126
ck_d321249fb065d2fa,0.04708562356481634
ck_72fdfc7e6d8e1436,0.0024250422439362966
ck_b52b99dad89ecdfb,0.04144537152319137
ck_d2d4282f9d256b3e,0.003168033268838116
ck_c8f2a1dd8a6141a4,0.001142913319630103
ck_8d38747058d0aeea,0.44463772421730274
ck_3ac528caac74f563,0.023403369756402066
ck_8dbaaa00ad829ca9,0.034932292735386374
ck_7c38ec898f0fc21d,0.005498453653445029
ck_8171ef803f5ff604,0.02403421812934414
ck_01a750db6fc1168a,0.11762432180732413
ck_ceb017baa26e98c8,0.03810090301454799
ck_e2c66c72cc0b0f78,0.025082446989825067
ck_8d9518f64b222416,0.006202058773458685
ck_804c5a1fa5753617,0.006174671924013712
ck_fca7cc9c42695453,0.004085981234816479
ck_3a632cdf2c19051b,0.004419409721874827
ck_b2b63ea65edf1dde,0.053863476007893984
ck_27b07021500ee841,0.019831206853541918
ck_9724718fe64c6557,0.915238627284618
ck_2786cbc3e75ec034,0.36050379314277226
ck_d9c2622cb6df380b,0.005665390304223808
ck_ae1da8ee98e402a4,0.009930451209250362
ck_62967b91504149f9,0.00482134698851408
ck_6b255bf68709109a,0.005144478512796754
ck_c55afc68421d85e2,0.006129247513112143
ck_7c7266f6ef2a8466,0.01589129865569041
ck_885cf685a9541190,0.35693665422084403
ck_1a4bb7d3d2ee3227,0.007471363950068167
ck_b4911c42f3bff740,0.0008409042472898295
ck_66f9f78d4c6a3edb,0.029795148265357934
ck_49bdba9ee1899dfe,0.013307250260193018
ck_79b235d51718435d,0.00973526557437728
ck_d840db8cfe2ef6f1,0.0026820033888121857
ck_610c7bcc1cd7ecb0,0.016557553318944575
ck_cf49b6544aff6c50,0.15516378249582402
ck_de05f97c3d40dd1b,0.04294324474061342
ck_0302f67d75973dce,0.025208157505104835
ck_54c2604c9ca6256b,0.019929095287128742
ck_a1c88c0568f142d0,0.08867398487780202
ck_5d72ff6cc2963d1a,0.0026747909645200955
ck_0446920a1004c596,0.0017721762959895717
ck_71044c29ef071570,0.00734980203229398
ck_2122e9bb1afffef7,0.023636498657853434
ck_d1e3de178601d3c2,0.028501014155284998
ck_bec8324a3587ef04,0.003477698868937771
ck_b616b6f45225f319,0.07863996938083734
ck_ce1e695884511479,0.06503948390552675
ck_a662b4bf900781e4,0.000592485987419904
ck_b5a84c5547378c10,0.00042081191171147747
ck_f80af368cfc6cb7e,0.03471706495193943
ck_da3526ab6c5c884a,0.006595266479008596
ck_bd20be9a3392d79b,0.010206772773299184
ck_b8266dcd90cbfa62,0.003232286129505876
ck_ac84b33304362c06,0.010609991406669628
ck_794d8935a895e33f,0.022470472127337857
ck_8fea7d915259f1be,0.004924188084244301
ck_7a1519ad5ff45312,0.00044211930492963177
ck_9bf3ce30b65f75c7,0.04598843321555862
ck_5f864d72d1eead99,0.07262357058774953
ck_3c48e0cfc2a58041,0.35897911156206275
ck_d902183f80cc81fa,0.04159586158129661
ck_539cb0d117db8cd3,0.17663856503760422
ck_28f530aec8e77130,0.03916888372637514
ck_e7d903c50d353361,0.008315688480455437
ck_d288b77d1e227970,0.035417547775629374
ck_017208fcc01b5d40,0.01404594600378659
ck_7e3923d278a5106e,0.014545145375665935
ck_9700a00ff9e66216,0.05286694181579233
ck_5c36c78b7a4d138c,0.06923355478227071
ck_c457e9c9224b773d,0.02081488071797695
ck_1dfa91405d7e66bc,0.0028275813357488528
ck_f1d8a2695a575e56,0.0019472872288183406
ck_3b92a46daf8d00d2,0.028325851947494943
ck_aab23b5470469649,0.030223519710812965
ck_ecdd01a391610d99,0.005441672566691863
ck_abd3aa292f8edb4d,0.11245381026182638
ck_7fc9a0776e1339e3,0.002958033711196579
ck_c0389ebeb0e65cb8,0.0014645567505471285
ck_48d0fc4f6a2109fa,0.9931329548502333
ck_571dee4f3336c7ce,0.02387804170930848
ck_4cedf26628c84f26,0.03280499188426592
ck_63356762d24aab81,0.023674222773148717
ck_2c5bc11bb7ae5d2c,0.9685410746934799
ck_6d26a152f900fee8,0.005470802544835352
ck_c972b0e781efed3b,0.0025541533081022334
ck_fa0ecbcf9a33d6ce,0.004763742992726984
ck_fa3a766e49dc77ae,0.0204758097420532
ck_7baf1e55db0dc558,0.0155911426868884
ck_e8bc49e6494c1f37,0.0012532629076512757
ck_8ef1d05cc1e53e7e,0.06443164350438695
ck_cef2a485a77e0723,0.0025925209898431402
ck_228a583f23abff48,0.017347529993078002
ck_ac32c6e374782b27,0.08689810932533272
ck_b9485218cef413f0,0.010992198715236868
ck_7f15503048915d6f,0.005108739176805208
ck_b62f5144db15ad34,0.09556848048122724
ck_917d82c552f95a23,0.009271377500319271
ck_fb4797045077bc6d,0.0018225815700465213
ck_2cf8a44e041217de,0.038193582821908864
ck_b7dd681eb3d2ee38,0.0008938619938193637
ck_e9e8cacd2fa35e79,0.0235222717474649
ck_342a79f91de5d1fa,0.04006451819795281
ck_2c91f62c05685ed7,0.005044940655570311
ck_e30cb64302939f38,0.030907151461862573
ck_d0e95b90ba86da10,0.01647889083003525
ck_1774faf414a5d49d,0.47487446847956716
ck_2401e8ff89e574fd,0.7592353889549941
ck_0cd8802264e0a1ef,0.010343803719929054
ck_da84a0dfe947fd3c,0.003203938329000187
ck_c8affb27ba7fb5db,0.09729652092072878
ck_bc7ece8787ca7200,0.004491666357782383
ck_469a0578d05990c2,0.004378263527968512
ck_eef67f8dea702338,0.05185625146692062
ck_4f490e379e9ded9a,0.0051717197033078815
ck_354379de065a8ff8,0.0038095230694570503
ck_5db1cb368bc41ac3,0.012602097703860568
ck_9b1c3742dd6fcb8b,0.020323293612554028
ck_63ce4f44c92d7143,0.020783806386358124
ck_e15e3390f5ed45f3,0.00874066325142602
ck_da645ea91d66aa6f,0.39154519571416924
ck_834ca727df855f07,0.06161047758717436
ck_e1d5ad20c737c745,0.029272299346544618
ck_ff8059ae5fa5f1ee,0.00021698726385330815
ck_8bb9e75393954a1f,0.0024507553619357195
ck_4e1757d1347ab387,0.9891974715472104
ck_af3f74b1d75a5d95,0.00543675020632639
ck_6b1ab0742ff04c3e,0.025277790731464616
ck_f56073911c9f1ab7,0.0019899919069790357
ck_51bd5f69b4fe0b92,0.4598392041042642
ck_fc3d95030b81f416,0.0003527039392157692
ck_cf78169633a1600f,0.003715323308902622
ck_ad7269eaa65c67f9,0.010060278878485382
ck_cc6d33890d47a6cf,0.02485460191325357
ck_bc8f31f4a2ffa1ae,0.0008091660400865819
ck_720776a46e56dfa8,0.012646854954096084
ck_e2d1f212f259539b,0.010471847204314625
ck_eaf6f7082c3db2bf,0.0653275014435877
ck_773efe58c6278c3c,0.01496886536332719
ck_c4a72c09f2fdacc4,0.009256024995108143
ck_8982888dd6611143,0.0015836587567146859
ck_9d5049e195eda029,0.04040820979285833
ck_de58ef6f9fe2b546,0.014571073343413845
ck_c0b50c11e4f5adf7,0.04555325766889711
ck_ddaf228487858bb8,0.09160676334722616
ck_eb2323215ff70362,0.06395941466904347
ck_168c96a1a636ea15,0.022549360820669048
ck_9c46711b14d9eebc,0.0033820969174134024
ck_de8af660806b97b5,0.0012038000604487743
ck_6ab83f45bf16eaa6,0.007954867189960739
ck_bf2228a052815840,0.010696850802238844
ck_3f943f20a9da9bff,0.019918086806927204
ck_3baae40454c00938,0.015057188357136372
ck_bc2e771a1d8d2dee,0.023594685165650244
ck_e55f5ca37f30ce8c,0.021650053767637036
ck_4ad5937bef176d89,0.001971602480951487
ck_126531a9126c17c4,0.002212387031080281
ck_7ec423cb56257516,0.017909968938554077
ck_54748ae0f2daaf10,0.0235815581271989
ck_ff24776280ceeeed,0.003932464082961995
ck_3c3a1a1365741bba,0.0035042151313340072
ck_615277c8a4e2b18b,0.022289561020497416
ck_a96aaef34173aee6,0.05860814958360543
ck_bea56db7f3e930e8,0.0014383005038871202
ck_ca491debd3b32a59,0.033161026657180764
ck_d9ea77f4114a389c,0.007376661884859539
ck_322ffda3332d08a2,0.04700016800305858
ck_c40ffefe4e30b001,0.06516293121538139
ck_3b1d7648d4580bef,0.0048078821097794055
ck_23981a3261674131,0.012629899177979768
ck_11667f5b9fac7bc7,0.0009569567110409763
ck_646bb3c7be5f0817,0.005257757000609868
ck_ebd0a45712dcf07a,0.034850592515479284
ck_baf43bf1bd963f9f,0.06519731113371405
ck_e0ca2c819658f6b6,0.997666418766779
ck_f0d6633d0834fff5,0.017981449849182804
ck_91081be0254878a5,0.005447670255182775
ck_1325000bc7f35b5e,0.0025040703416447613
ck_c624b9063400fa3a,0.1228072501547734
ck_0ad6fa0e23c3bd0a,0.2335132173025557
ck_6ddb55b1f23c6cb1,0.0034210480063670452
ck_dce1fb3acd65562f,0.0033156578765631264
ck_a9aa389688ee5aea,0.01516358777193426
ck_5c5284c45d9ad8bf,0.032674719108181365
ck_9ce743dd3e92549c,0.014563732502229495
ck_8342e08cc2f9bcb7,0.011333450784612266
ck_25e551a0a8d2fcc2,0.07241063841206001
ck_d4fd0e438c97e0c7,0.06230591065587173
ck_ac7fe1c344190c50,0.013110790065871179
ck_ddd65711b5651f89,0.0019948114260370585
ck_ec7406cb5cbc8f10,0.004362597261356951
ck_1c65e8d5be3b9c60,0.18015669586128952
ck_38ee42f15a573e81,0.04288279670400734
ck_0e5385c70c6de025,0.0046368941960125264
ck_d3137f0f7629040b,0.004272367041811463
ck_9129c92c12e0c8b4,0.0018623598819748554
ck_c86520a00e50a926,0.04006824629510826
ck_87f82b2b5fee757a,0.013116637162278172
ck_643abfbd7548d0c9,0.027147812719678276
ck_be51f4e5e6b85768,0.10823172260004336
ck_132c16312f37810f,0.0018866581578293447
ck_c78c096ca8cb33ac,0.0005431152726311854
ck_2ce5afbc014763b8,0.05765994563423679
ck_50ed8f4e7ae6710f,0.01611360033126096
ck_5a4eb535c9a11993,0.011884733582016584
ck_9b665ef46d785324,0.012309156217140653
ck_e066f71f8b296b7a,0.006279054174796864
ck_560bc6017870ab06,0.004364611321601722
ck_fd78f8a8663646d7,0.005624376666310926
ck_4af5ec61ddbde1a4,0.014800297211379551
ck_c2ed04a9d218410b,0.002550533746974715
ck_2455d43bbdd2bb69,0.015825346158220763
ck_56eed7041add49a1,0.15559342443063012
ck_5f0be7b468a72333,0.002449432471326456
ck_19660cec756632ca,0.015844043550650864
ck_fb90408f4892a21f,0.009454518123566687
ck_833a65b86a5d9bda,0.0024886287061461863
ck_2ac36e1dff211d38,0.06343656759012473
ck_c00e70606904539a,0.006439886928217609
ck_ba8affe4b9505a95,0.27715618812179177
ck_0c3dd22587b08018,0.010847822693858122
ck_618c4e5cfae99dcd,0.013542510937672921
ck_c9690baddfc4177e,0.0012879223480816058
ck_59fae092fb0c4aa3,0.024799467487824415
ck_e03b7d0fa0b28f4b,0.0040953587325236055
ck_d451d24c780b5884,0.009426932805954363
ck_e980d325b8dbb8dd,0.0008168202761539031
ck_cff18e2d8c520272,0.00286959441775935
ck_a0e46b67e986ab56,0.03243790229177944
ck_3a469039a5b9d963,0.012515945737617624
ck_12cbb211ebd2b437,0.06670709889339323
ck_b8cdd6d6dccc4554,0.0016330228034948735
ck_794ba5921cef50c9,0.028883596649759577
ck_2c7667f64edec2b5,0.012569369675163996
ck_7262b4e0c29c942d,0.015618841256373302
ck_5d818522cbfe2a54,0.04125932908875724
ck_de39c1947fb675ee,0.06146995568207014
ck_c021495606b4735e,0.013026510420771279
ck_1fc03ba33edd9e67,0.020730141627544448
ck_a6fe344bbf67f14b,0.008957990644575455
ck_963762210edc5694,0.0307789153616325
ck_d064428b7e7dc409,0.00399739015834954
ck_59be61b53d971611,0.008481103431241274
ck_ec8738ec663cd2eb,0.007919653237535247
ck_59d086fab5998646,0.009796994054994006
ck_bd32dd3b2cbb7888,0.9919475974152632
ck_ce0166addb93bbad,0.0006281654417092265
ck_7c0fdfbb447cdc04,0.021756150943909272
ck_cb1bd7635968ed8c,0.27860033982933496
ck_66f94903177f20eb,0.007912745861147687
ck_1d7cd5dcbcdafd7b,0.2657524109222407
ck_5e418a7c04437b4a,0.09450721394370208
ck_631ea1ae91ab333e,0.041295600310336744
ck_0a8029e79a5ae7ce,0.021065057847130416
ck_c4cca8278bdad9b9,0.0002718093542212334
ck_4dec3df58077a257,0.1729531555128128
ck_609c249edd88c565,0.009898157274808137
ck_02e5f9cbbbf2f078,0.06051935031477211
ck_32e486859130458f,0.6687344645304988
ck_21ed2ea6386c5a07,0.002195636393813226
ck_1242aa4496576a99,0.002812147279777611
ck_475ea9aa6d3898b7,0.08244800762259853
ck_fe1b1adae3be70a6,0.5512896531238659
ck_c5414d7a8031d4f5,0.006682601270548097
ck_ca1f6f01868e978f,0.01072055130867368
ck_5eff0208c74ec714,0.01759631084715537
ck_a315c9619a317609,0.035815845516326
ck_2b87683c90acb852,0.028345796500894877
ck_7cd9f39c50748ed0,0.0109122047439116
ck_16a06d58d71935bc,0.36613462286166476
ck_d116e0e7c19b878e,0.6132112673960509
ck_931510e384b1d0cb,0.007969548234331957
ck_e7651fb87bb24132,0.0014058036660236047
ck_88ef9f85948e1a01,0.0018808613589511355
ck_17bf38d51115a8f3,0.0009382350930573655
ck_2659d1d3762a2825,0.02129544415440635
ck_a7285955e2852686,0.01799682714367266
ck_f2c33d5b65b321db,0.02323447905897704
ck_83e5979334345622,0.008458211316063618
ck_629537d8b4d0f395,0.005956199854292451
ck_72022008a92c9386,0.016708854310567862
ck_2973b8274f0bf69b,0.02467477393597084
ck_565e3418d2f4061c,0.006208385060159953
ck_54bb53b8f8ea32ae,0.9919576950789435
ck_af0a6540ea7a36b2,0.005865419007307102
ck_888651bfc2c8cf70,0.009000190570249663
ck_1dedcb48ac381a1c,0.335935942096507
ck_f73273e220296be8,0.01781176697854702
ck_8424bf65223a5a9e,0.004535406523818552
ck_337b930fd149a696,0.005575178192158761
ck_8a4952de8a123ef8,0.006981057910665576
ck_884168153c9c0c81,0.0021656524722689446
ck_fdda581aec411010,0.001889971339369073
ck_2b7cadbc8b180d32,0.9586278923911447
ck_8aa8b9968233a1ab,0.0006901812489952657
ck_0af18b3ce015d294,0.0020088410815211825
ck_8dde670a735d1e90,0.23913201379578944
ck_62f46226f244139f,0.035894291411644096
ck_f948e8a8fdd79b4e,0.01715613114892633
ck_fa00aa0f3e859904,0.023840893943227966
ck_fc7935f784a4f249,0.0036934947035134466
ck_e7501307c0698e5b,0.011213619088973097
ck_549ed417f2834cee,0.060612246738582745
ck_fb2a35571ec719d4,0.11731708032370569
ck_25822068c86c856f,0.0005408065319346131
ck_8f35d229b62c8f23,0.02844937382264935
ck_bdcf049c1e7d0c95,0.006484503513222045
ck_0aa9db36eb16422a,0.0013310940970007146
ck_42dcf92e9e016922,0.04134018707530352
ck_42341cf31c08c981,0.003631952317102338
ck_0b20bfc515ba42a2,0.02428909504390545
ck_0ec820b670d48098,0.000333011385181145
ck_1f0bafec397da8e4,0.018892638317433732
ck_82f07504ab59ed33,0.1938516171929843
ck_337b24a474010abb,0.9990929125745731
ck_703703bda38fdcf8,0.03372616614408879
ck_01e7960c63dca3a4,0.9125428945475075
ck_be5bd81e3715cb8f,0.686234983114197
ck_197f8058cea1fbea,0.0008312962200998236
ck_eb3fb1106f2f1b21,0.08989555174984278
ck_658b4b54be09a4bc,0.9819341678353064
ck_266ce7ccf41ccc50,0.03136013013093851
ck_110608c3b03d4038,0.41911443520003616
ck_1be8cb95d6d9bbf8,0.0010953395079976158
ck_8e16a64a776afa82,0.09605435345227764
ck_34bd190d37eda534,0.0963140798236878
ck_4f521611ae14ae66,0.001352390728865765
ck_d839798f9520363e,0.14332644636942668
ck_d1bbfd246c0ac9d5,0.011559260689985484
ck_f19030e6e85a6776,0.1592932681775562
ck_cdabe60ab59f9d5a,0.003364218161173096
ck_bb84b2b30293f566,0.574386110122233
ck_427b91925952cb40,0.02814234851058686
ck_1078b1e155b5b640,0.01238311780267664
ck_95fdc264eac72fa0,0.004026294055688887
ck_e35eb857c61548b2,0.6931289738369485
ck_69bd0b1abea7e1f0,0.1284241337874785
ck_59de511b20c842ba,0.03757234429923806
ck_168e7ea341a36b80,0.0022344206507899787
ck_4937cfa6526ea138,0.03680128727011936
ck_bb1a981306b750ac,0.07917533529905
ck_f42a43e4c3f34ccd,0.0020420197409101535
ck_c7ae1d4b3ab38185,0.0020469604953852923
ck_bd23cf9bba1dd33f,0.05326805993883069
ck_0fd826fad7ec7cd6,0.04954602942368302
ck_f143641bf3dd0414,0.023064419155365137
ck_ad6d48c20a3688a7,0.0038349250112959528
ck_7bda5b5b927b2905,0.1867281583369085
ck_a337eb38eefdcc88,0.06361067261871946
ck_403da2a2d800df9f,0.3386254587367336
ck_aa01d5aafde73d0a,0.00219841557681015
ck_494954023f0eb309,0.09234348893153042
ck_1c6820fc38135ad9,0.037340849288763765
ck_0e0bab173622db9b,0.05227432038813276
ck_547090bf35a3b243,0.023556612514845397
ck_d69455220b21dc9b,0.00338853371043951
ck_90b4ac695b9c6bf7,0.006407301294881125
ck_8d2afe17c0082e6a,0.021464149568451454
ck_926b81c0ba528eee,0.024308669431098752
ck_ce36b0c287bd198e,0.02836378407133919
ck_8026e017909aaa6c,0.0038854099892922244
ck_dfba788f35d4c372,0.0024180309508119737
ck_f09f9d0e0886e0c6,0.011506818279865917
ck_4ffe0366df388604,0.021159073974759406
ck_75bb521de55644c7,0.00940516056574081
ck_81a960fddf79ecf1,0.9349573068741063
ck_8f43459991ea511f,0.015214843589246315
ck_f878b68d66fbfd4b,0.002196013603397402
ck_e84abfc0c747c9dd,0.7410550803330008
ck_3ad3fd3cceb56b66,0.8903848811112326
ck_7cf562578c7f158a,0.002540890855809422
ck_f81a97d350397306,0.028159252109256103
ck_255d87b7fb40caa5,0.025119149342720932
ck_b3905153b9eee924,0.01832490042484905
ck_2c80a592fb4cd6a3,0.0015543832836204619
ck_57deb202d4188a29,0.0036251540999787985
ck_e3cb5f31d8e94448,0.7928818535011865
ck_0db62d5f7f75f80f,0.04988363250207427
ck_ced9163ea85589ea,0.031941686205437685
ck_e16528edc694fb33,0.8948940361695951
ck_78cc5ec4940fec3b,0.006424727191977792
ck_31742076e9a998f8,0.04362569900148094
ck_5ac335f02280271e,0.015009163335272245
ck_7cc2e091806cfa5b,0.05302495768695084
ck_3152c7115257f084,0.006496481356850612
ck_ab1b9d019921bca7,0.01570876056776318
ck_c33a762d98f9b290,0.0014628656307349515
ck_b16a7c51b6f7a6b1,0.060572160241491604
ck_97402a153348e68f,0.008724036316310626
ck_95391029a21caa24,0.03325877494426364
ck_c2015a1200971fe9,0.08262415914779545
ck_ed4427962c68918c,0.9693225756390884
ck_c5e4a17d3efb19a4,0.6711305360204582
ck_8aec3d3dd51517c2,0.005082065406967456
ck_f5178a658225d8e4,0.004253533003162644
ck_8594f165e95316d2,0.0015612364263687213
ck_f0c4aac04076a6dc,0.022298055580434475
ck_ac2f7397801036ef,0.05349365684006348
ck_d1ea4bcc407c7d5e,0.0071533750785384145
ck_cce8b6657a538fe0,0.022904756036448065
ck_66d0c6d6b67a8d58,0.0014215507044301255
ck_1a6b30320835e57e,0.005837271726558011
ck_8cd274cc85aa35d1,0.032806333106294466
ck_ada46085a78280e4,0.023349788572318696
ck_ce1b06623e4a815e,0.0033293372527645774
ck_45e70c8a9686580c,0.035664586459121586
ck_0084d8ab6b1044f3,0.0037139984532836576
ck_a5f7b6fed6df2aba,0.03360876272831431
ck_94940d783e7988e6,0.006667519053413181
ck_00f9ca84d1d8ae7a,0.0008211100786801616
ck_0deb56f3f6452818,0.0019007228205233282
ck_a58e900469dfc3f0,0.011347184082479528
ck_028c41b195280980,0.02612882460136218
ck_7661d7ceaeb19f97,0.021623710379001793
ck_6957905a65c47879,0.022504184561213947
ck_f7c6c26ef3c4ae06,0.02564634196414582
ck_8777beb11aabd66d,0.005809868036922807
ck_7db098a17374bbf8,0.9155421118233905
ck_66aeb00e44486cda,0.09591410287190925
ck_838c52cc1d315ec3,0.011430504620487838
ck_1745847cd4e5dc83,0.02113492762398835
ck_201687857ec8b3cc,0.04964268695500985
ck_81818169208a8cda,0.03986464838647669
ck_3303fd3f64632c7c,0.09754631007574083
ck_edf1096809e83ef8,0.0010236499616947553
ck_235ce9603c7dccbf,0.07128230609072617
ck_9df7e153868bca13,0.003838160594018063
ck_3cfeade2cf270fee,0.009876498071234172
ck_982b0bf2e2b6c4f7,0.004064661640738328
ck_faeb0da678bb86c0,0.0032839220720102627
ck_e86ad2fe815b6ed9,0.012967742714928716
ck_70d69e5d1bb99e85,0.01995438909783577
ck_7e9a8924eab779e6,0.9885485881741379
ck_019d5891103e7da3,0.012702748158100048
ck_14f0484b3817eda5,0.005518613741065908
ck_85de63d278f0fbae,0.0013776414634463158
ck_ae91b4cff57fb3bf,0.0187948921221679
ck_2a6d43b9f883b78e,0.1837781654683993
ck_7a4e3d553e8ab5b7,0.2781698379902533
ck_fdf89dc69f700f84,0.2676032701916893
ck_f92e04024bf13558,0.0008845686747950435
ck_4a522ca2dc4831a0,0.0006399873739915401
ck_68ba25dc3385fea1,0.056568826477323385
ck_22128a4f0d033422,0.012232967039945657
ck_5b52ee0a13c71590,0.004397786043421698
ck_59472d17debedafc,0.022460395771662374
ck_9dde2c63acda3ba3,0.03125519009758825
ck_7510b1023cd08531,0.009059806018002816
ck_071ddaaf2e4e3671,0.004816958778079389
ck_1355db6f4010232a,0.009854717117627795
ck_0a7adc2f27f98510,0.3261973785460717
ck_68250033717cd59e,0.00234272458926473
ck_7c12de74de30b788,0.48248715944678217
ck_65491367584c730c,0.010393720453996424
ck_e9047964952bee70,0.04899689415660889
ck_5567779d6ba184eb,0.026992028353131275
ck_d6ea026357ec6477,0.014465105120777436
ck_cd7dcc884e283746,0.043269493765358526
ck_0bd77fea8ed75a15,0.016157724298396826
ck_e80883208e8d0453,0.018238585592389688
ck_2ad0ecbacd5acf8e,0.946859024474375
ck_6c1dbee7e8fdd5c8,0.0071028742248153785
ck_ee4d9a7449515908,0.0019070285364134005
ck_636111f7f030496c,0.0022025826950983914
ck_2c629c657f73941f,0.009372221465707556
ck_c1c9d3842d758420,0.27518246404544683
ck_e4df7faacdfe8c40,0.013349633696455766
ck_94e8142728e44380,0.023890639402701034
ck_765aaf42c5088545,0.008084527929220249
ck_e0f845159b6e6a4a,0.03166487380333588
ck_5bc07deb82edbad7,0.0028844324972822433
ck_713159c5c6a7a4d0,0.995548076378976
ck_b08afc91d9ca55db,0.026108548106556797
ck_a7bc323ffed2ea97,0.24643627414186697
ck_85ca825f905a34a1,0.031434242356111725
ck_33160c443d4b3f19,0.016688116886727035
ck_832d39c590a3ca75,0.7215334843899953
ck_7d1661a34164406e,0.9433718065688109
ck_c2466fc40fc9d5ed,0.9986628835369733
ck_ed0e776c0926ce67,0.06547887670830596
ck_cdd2ebeec75bfa69,0.13793213970776766
ck_d7877684c7923ec3,0.005104365727295725
ck_7384d4d2406aabf4,0.02274669161608538
ck_b8e5244e650aa81b,0.01833838626925303
ck_25a1ea40b2d59254,0.0012666940783703279
ck_b9e5b318ee4de68d,0.005165988001472693
ck_620d7ae27af83cea,0.014163434219214812
ck_40b4e264d1a12b83,0.8291306512372543
ck_b694c803b62862b3,0.003076450947242936
ck_cbeca201dbade3e5,0.013696689241076773
ck_f9b439c9161c3e52,0.014169920483565537
ck_9880410fcd10a28e,0.0016085038657740697
ck_74928f5f91aa12b2,0.08889597960041162
ck_b6673bbe61d2680d,0.05430219729781013
ck_53c8315b5c30acb4,0.009949695721581385
ck_78f01d78ea79642f,0.02369422458814467
ck_8582490d6e365a63,0.014542081473705915
ck_af25c72d16299258,0.0027713472915262827
ck_7905fe8e257b0449,0.22715545586716823
ck_0d16d9349e4a9e08,0.03797413457825359
ck_31b16b8848584e98,0.02947892721263068
ck_67207e3eecc02d76,0.029690847773061826
ck_e6b95ff91116a592,0.003855528880533017
ck_c08f622bcd6de6e7,0.056791748569675164
ck_f9a68da9e0f0bc85,0.0054755337834705535
ck_4072b59388976896,0.021558934389400455
ck_8ec86e853ad52828,0.057174031118658576
ck_4fecb87eaffd5cb5,0.0031546274880622787
ck_d6880578428b965e,0.17981490667375882
ck_bfc82b3c1c9f2897,0.826466277163794
ck_c340644176ca03e7,0.030666514697941193
ck_321e740066fb05c3,0.3023076483626839
ck_8929d2eb09872052,0.10466962812715287
ck_205c107cec528414,0.3128955295064769
ck_e76db7d2562f9836,0.018370559390595724
ck_9ede51c8434cff6e,0.03941789734220475
ck_492e4b89c61b7b6c,0.014756301073427368
ck_9385f5a1eeebefcd,0.047675897123499976
ck_ee52c7bf88f952ab,0.042691411279397615
ck_d8116c34302021d7,0.0004083881737017282
ck_01645ea51972e99a,0.03238135529786491
ck_7b45ed23304a854b,0.02214864393372953
ck_2096d32f3d497ea1,0.2020437153244021
ck_dfbb2056f1ef7d3b,0.012154224258093583
ck_938ce30c864bc7df,0.0012057133974301474
ck_ff30dda2c881a4bd,0.6208676843739634
ck_f88c79186a082beb,0.01758727635602836
ck_08c7bb0f9851cb76,0.08896029775879045
ck_2675e7a008e584a7,0.18954683983272078
ck_cbaf8a954281d4e3,0.9634904533772539
ck_8b24eadf6c72b30c,0.6192336529911615
ck_ffc8e3c1377d0706,0.004889964438279979
ck_5b59e859bed5b40e,0.01977371828168504
ck_7b61717f172f9317,0.9746992600977513
ck_e5c30947b732f661,0.04282477913701754
ck_bc273f3ce79f7e1a,0.003572635370790343
ck_f69e93388b3028cb,0.08152993752880384
ck_3837ad850996ba60,0.024351592225827022
ck_36d78ff3bc033ee5,0.009608169670145569
ck_5e20953547ba4135,0.1102845379591111
ck_258d661e450ac870,0.004084880600028403
ck_1df66f537496ca59,0.04696786915083676
ck_361f535599110201,0.0028469130673646394
ck_337e98c69f6e7886,0.009999186040712605
ck_d3d5b2717cfc3913,0.04042745517257138
ck_b1dba768dbe7affe,0.030368534315714017
ck_92d782bd9ce0d1e3,0.02410553961990577
ck_26bd0f8898afc8ba,0.00277434964908988
ck_7916e53daab36745,0.06542288733285144
ck_2caf553b31831a50,0.013319371622526463
ck_c6200734c7f9b2f9,0.9862428179626973
ck_cdc55623cb16e6a9,0.005048872381093074
ck_57849e15b61c43b4,0.0022905826818662733
ck_b7af9b2ee0eebbc6,0.02238268389143879
ck_00aa5fc3b3bc66aa,0.10332545709274793
ck_9929723f65636c7f,0.9828084284440906
ck_8f6cce9f69912983,0.01018249828593964
ck_c422ba389ff00781,0.0009538843425858321
ck_9ec7f334604a228f,0.018321103899052886
ck_5d01200ba3341462,0.021883907999992534
ck_2bf10be403849c9a,0.0075839430710724
ck_6ca018259f70858f,0.005749398180704211
ck_a54dc042ebb7c766,0.16337361214341015
ck_79da63fc100830b5,0.0908484811242064
ck_67ab6f9e05c85085,0.046838904507624034
ck_fa80da579ea9afc0,0.012892702485548212
ck_4339f86c87289222,0.3460922422859685
ck_a2299b4f530be0d6,0.3551155166350278
ck_19db0bf788697c2b,0.022126340196608342
ck_fa4211c4d826d830,0.0007261720828348342
ck_96100d5e8e051e91,0.007075046980171315
ck_5c3a671883d58b3f,0.0007431297595164852
ck_2d9524787cfe1ab3,0.27175714408459123
ck_47ab8e51e5b3a2d8,0.00788154438495325
ck_c924f36bc1bbbaa3,0.007257602836739199
ck_5c58e7f8fd55e26c,0.0013324126898570843
ck_a07e7409d6d5aa06,0.0215609613655132
ck_c8413898f5f7cb7d,0.041324366127317234
ck_577c816b41cab002,0.8963504290398545
ck_9f7807ed64cdb728,0.12583010437042075
ck_495d814d6d6d521e,0.0022185191425090137
ck_7aa8bc018c2b003b,0.00264956019620079
ck_7c3a6a82f3c3241d,0.017187783523845073
ck_487f7fbc290e4ae2,0.012427170188467505
ck_e556c4d36aadbe03,0.002203888681976119
ck_7e6569a1b2455cb0,0.0013990608248288087
ck_de2924955926d046,0.024786473101261496
ck_73d60b4630e3937a,0.002359677301294977
ck_805ee564bd35ef15,0.04182513315224186
ck_0d40961e47797027,0.008235745044488839
ck_f06d00a4f9c87d80,0.0006863477240416288
ck_5ef50fb07b6737d5,0.011677433458036195
ck_16541fc15683e21c,0.0060617789792668225
ck_09fd43f1b7e2eca2,0.0020226547593959407
ck_2a2c336a69b8d68d,0.022696956013972626
ck_2685f38930866af0,0.03393745223456152
ck_298278a9da874437,0.004572441191620975
ck_00bd7803f2530c68,0.01559048341587846
ck_c2b4a1d8c0b6c1cd,0.0009193536627288754
ck_2acb54ca20c3af6c,0.09048243748321776
ck_e3d4b6f681c783ab,0.041086156472792866
ck_f90293f1eba5d7b6,0.012628487812594472
ck_e69d27e8965df0be,0.001751191725533343
ck_b7f5d10b427346ad,0.003194845404458121
ck_1ce20e4223a936b1,0.006931764822275862
ck_6b97d1ab90f6bdeb,0.025202824751935523
ck_e30e17db5473c7b2,0.0024186676722444925
ck_154c8efb19dee665,0.00566435716403914
ck_6f5bb0c930644cae,0.9976030433764314
ck_9e17699baa83d173,0.0013090253356398387
ck_9693b1eb70880205,0.012207547654545488
ck_1e97899875bb427b,0.011511851252661583
ck_558a82590f65df69,0.0031635983285825536
ck_18df83242ff3cdbb,0.03199236559467143
ck_80ad4396e1084c68,0.09624342901264109
ck_0a993bc947bab61f,0.014998987428055962
ck_5c2d43ff841632f9,0.004375354127547094
ck_6e4b99fb9725d9fa,0.017027332011188053
ck_e0983999ca26c19e,0.06385755589042144
ck_6573c4947cc8607e,0.06747586930857273
ck_d879d645d6e44207,0.011204708395935261
ck_1375ad9f10688e4a,0.0009661335935714097
ck_7501ebbf4e21f160,0.005208129678301278
ck_ca60d61cd4dc3bea,0.0027057292844435287
ck_ab9ea095a5c58b4b,0.022247141537801222
ck_23756522b58df5d8,0.0030084336964019136
ck_90bc176c43d85fd5,0.10696290608376245
ck_908b663b2dda94ad,0.051993395608813185
ck_4df2fb8e4b649e27,0.013686293191569686
ck_5615c6bbdef05291,0.10660614860486499
ck_b62f3e3185251f71,0.0009498262907353369
ck_38d1a22850178f33,0.0018385227386243403
ck_5b3ba20c8bb1383b,0.006269437114522062
ck_5576ffc6aaf6f22c,0.0005499199174477406
ck_cf7a022178165e56,0.0023592146353459565
ck_f2c7a4c50e2ede96,0.02267282567984595
ck_285719c77eadf915,0.0012420383716036196
ck_f2aa1b677619ab19,0.013807848317594998
ck_3830c58d841e9e69,0.793167490021648
ck_32eba3510c8eac5e,0.02028424000434179
ck_8955d7b9030d5eb5,0.004175084651383102
ck_6775e387dace7525,0.058568367853271734
ck_0a0cd7f4be606a93,0.07562225465229176
ck_a9f700eee5d638df,0.00507578622328038
ck_3d7db96995745472,0.01629557775233581
ck_aeed557007d52e9c,0.00033238370709171
ck_79b6a86830156b5a,0.03271339559884087
ck_6a1ff9d69466181c,0.9957422053920743
ck_f11b1565f986f5e3,0.01837238604534059
ck_4819327a78615485,0.001459419135806755
ck_3ed9e081959b2f5c,0.013001727387176655
ck_16af4be191c47d3d,0.0012827614723123423
ck_25122cc0e8b1a662,0.0740536589465463
ck_509c22828d467ba3,0.048484450442016234
ck_31109c899336348d,0.0014993075258108934
ck_c51131e53baa59c7,0.000745579148227139
ck_cf8ecabbc61d3e11,0.008250236081435087
ck_eb6baff0f85ba936,0.02437328982779807
ck_777669e2243204f2,0.8174984809676302
ck_ac0ea27e692acdc9,0.02801014017051836
ck_4c6ea04ce8ca9e2c,0.011197654707574898
ck_ca54b32fca7e94cd,0.010020602859636699
ck_4dfd8947f540eb24,0.007583579688919915
ck_95aff1fe27fb24bb,0.02756633382843499
ck_c7550723b90e5615,0.0030112742035856366
ck_57b3fee69bdf85e8,0.008433463599881995
ck_f823407ace7ff064,0.05510940552057901
ck_a69084a068bcc8aa,0.0822708489332882
ck_c7b17f7b24bef5d7,0.014628076169151355
ck_7c4e588f927c27c8,0.02823974754310579
ck_77fdac602d0c6f95,0.05615006528950719
ck_e963d8525018d072,0.01185006529540627
ck_6e8ebaea8f7bffaf,0.0005820479826139857
ck_aa42976a31cb7770,0.0014469715686334342
ck_22c862a496008c96,0.9974622925453411
ck_527550dd15f38782,0.021258596683012373
ck_b3ab3c210e2c7c19,0.04100221546597244
ck_ed9c56fdb9f45ddc,0.2384172153792145
ck_b53281da70defcfa,0.025497858627944046
ck_03009b721568ee98,0.05238665349681969
ck_3d9afd862b3f4053,0.29399219919482455
ck_ad3c4be96599554a,0.01046141375946241
ck_d1c787c27d50af49,0.023403793550515525
ck_c7a9c7b2eef46a99,0.004870267545727038
ck_53036d3c6c74446c,0.1976454940567527
ck_1b1efbd9c0964c8d,0.031551598918065075
ck_d66f42a269d5c1ed,0.05003166863301451
ck_fefc49a2b8ad993e,0.022556338915387122
ck_8b3b874249adece9,0.05033760954967831
ck_193d9c87ad3f1dad,0.0012848657193610478
ck_0c6a50d747593b7b,0.012792504711262975
ck_c830f3830875b47a,0.037243963546302626
ck_79e202f06d8dfe42,0.020247291481353798
ck_5c0fe988b8aa7fcb,0.1425763080284293
ck_a8382d8345f21e1e,0.0045640986021289595
ck_8cb20053914692d0,0.04123100473150595
ck_1da2f69023ca4c13,0.001418093284374033
ck_38abb60995114f8f,0.05291279208653242
ck_f5791fd8fd8fd191,0.04650603779721473
ck_a4e6fc391b674335,0.2922233711514406
ck_bd771efb4a7e15d0,0.005408753324657803
ck_38ba4a6b6a292054,0.05349509153773598
ck_f7a07283345a0dce,0.004491424430533834
ck_87dc484baaf5a23a,0.0008203179778467389
ck_c84ef83489badbfd,0.04081439730336035
ck_a397cd64ec5d644b,0.0052654623369898365
ck_7977135c2ff61e92,0.00499227821245307
ck_52174855b243a8b0,0.140093629439504
ck_0f35e930d0614613,0.9794951138554082
ck_b170a7db522a0d6f,0.016005665699540147
ck_7af748a23775bd54,0.13190176126414047
ck_52f641c9ee6fda70,0.001851963993978341
ck_c3719a30414bbb4d,0.05219728845386302
ck_2baf214ad6bc0dbf,0.04589723058987661
ck_8b39d8aacfdd72b4,0.01517292997387918
ck_d39b0152116203be,0.021022250575354222
ck_ed33f8a937f9c7c8,0.008760983973826918
ck_8ef97b55a5fd6ec9,0.0005691357362691354
ck_8247f008a14bd1a2,0.0005434301163308278
ck_f0d349d68249d5db,0.0016007781396674015
ck_a544e766540861fc,0.023758275007190507
ck_9dfaca4c7c80b10d,0.10729684980793949
ck_7e5401c362b2216a,0.0015171715299085984
ck_64ff60c073fdb6db,0.026214923411967933
ck_fc5ea49518e5d637,0.00448073608493026
ck_580f136ced341298,0.002542564642780375
ck_9cbef9bc95449dca,0.0022516294539767713
ck_e475a3b8ba870a7e,0.007428628239580502
ck_97e94708bcf43563,0.005487013011256142
ck_13f03ec785cbdae1,0.00025157474813689994
ck_152820d8817f478c,0.008410968210789295
ck_d20d4ba60eec9945,0.025454770673538078
ck_5c45968a805132e0,0.04595742848836644
ck_bebea2cf3063fb24,0.012052320806826895
ck_c3c69aefe7ea1d2f,0.02801045069119095
ck_02028b72f26fe855,0.021085654840541347
ck_dfadff70a58a9133,0.0025132086730826433
ck_6482ed4491bedcaf,0.006943142872705919
ck_754cd7b4a5ae3f94,0.01310577141426749
ck_3132857aec8485bc,0.00037587512523707783
ck_7ce4ca91b8f9f1c1,0.012320582994459104
ck_41938582f4351772,0.009401952812685818
ck_f87d66946252476c,0.055653182694454864
ck_8053f1879a9b4e43,0.00610064045831585
ck_93892e91387f5103,0.016356093050477933
ck_15254db133b28371,0.049788905086937583
ck_d557b9feb241b3ec,0.0010775374443938693
ck_71c3a8e4c12c989f,0.004456680844090539
ck_80e3041811033443,0.03190987990476654
ck_3380d60067b4634b,0.001027667260136061
ck_a9c2cdc758df8510,0.0633981502198291
ck_3c0031d7514da17b,0.027777829725281433
ck_18d214b1418be39d,0.004103473788596882
ck_7ce768407fd48321,0.02427213788020744
ck_7a50abd42298133b,0.011730855047467792
ck_2db10f987d137582,0.0394578678611386
ck_e077d004cd1d80ae,0.01731947413241137
ck_1cb6dc67f9a321b5,0.11936363581525555
ck_b864f64101149c35,0.10994875809691632
ck_9bedf54df9418e4a,0.0038259587663414473
ck_c47e32c47f0e6578,0.09417108142084343
ck_71f382d5e338daa3,0.006795749489303807
ck_14b4bf7be6ac2b61,0.07711908406888773
ck_5c87eea1cc07cc92,0.05611461830003026
ck_5f445182829ef342,0.06578239012031128
ck_a5d7311291caaa54,0.004937720069256103
ck_b7df99aecef385e6,0.044600747716884444
ck_3327a0582407068b,0.037442471237097964
ck_08dba09fd7dab896,0.014809457252932059
ck_f4ec334be5266378,0.0029279906915357225
ck_240f7f894c5a86e7,0.003703758376731162
ck_a9d994554fc14a02,0.0002489597270316536
ck_13648cbd306eee6d,0.008930275687476655
ck_601edf9105b3c321,0.9936864034365173
ck_9527adac182abe57,0.34811055670475965
ck_4e0e80f5cc271bf7,0.0019127486237359942
ck_96a89e720176b389,0.17047834241601492
ck_63560eec94b76d2f,0.020045267853646707
ck_c9c99e5b19aeced8,0.0011728745436827908
ck_bc32655ee5ed643e,0.032695011273982194
ck_edccb5a93b741744,0.008598480868646188
ck_f786cbc987b70930,0.0038224528863970144
ck_0e8f26536ccc8947,0.017671444833107102
ck_b87ef4b98cfcec4c,0.03629560587099203
ck_1a9235812de4b2c1,0.01362503827555036
ck_d1ed88ea4211ba4d,0.0009250370422542391
ck_a4ddac49657a4450,0.006261908230021979
ck_d9ffca35188e49d8,0.032411823153220054
ck_3db73bbe03c3d240,0.0015527305228161799
ck_fffa0622344a36ab,0.0007102192255607899
ck_148c28df51bba5e9,0.9468073012448628
ck_076cbc25c8f15fc3,0.8899138221423813
ck_e5ca550b39ed45bf,0.6556326502791895
ck_8dacf3a2061ca17d,0.028896175808340585
ck_2d7394afd61643d0,0.0018120181073093724
ck_e42206e91f6a1752,0.0012196126370913965
ck_2f4f94827984c426,0.00075411226223641
ck_edfe8e90e8f4366e,0.003378279851539787
ck_646b15f753e5e9c6,0.038488488815462525
ck_66600620149c8799,0.0020648735154111726
ck_4ff6fc70bccfba96,0.17854077005205762
ck_41af3729590c2484,0.006784599407954029
ck_920a48ba8c583e96,0.0035117006747981414
ck_0253b3e7be021306,0.001596027972739627
ck_2ae6949246ea2648,0.02557536153891864
ck_db23a5100f338d72,0.05522680153563216
ck_fcb2a559474c3493,0.016610466953272358
ck_0a4d7acd2a53cbbd,0.006290518645856648
ck_c5d62b2b7a6f3bac,0.9715863724372045
ck_cf59f4fc0ea690b2,0.013459471867433842
ck_837be8126bb19250,0.0015549295707719577
ck_58955542edee1adc,0.012905080471609074
ck_1b93381d8eea58d1,0.006969125964557022
ck_97b8e05d62abdc14,0.03242887237448678
ck_71a0d645744302a3,0.016999762703334108
ck_a7b57882ab66b111,0.0015033346263316108
ck_65f76421be648549,0.030376358587486278
ck_b53ea8713d32ca7c,0.025204550222903306
ck_991c4c924a1d85ff,0.3002285866986513
ck_8432ccec1a4ec7fd,0.9835779084902337
ck_64c1633297f43788,0.0030500570797505804
ck_4291fd9c1161d8e1,0.039568227645389906
ck_5e98ed6391d9f429,0.03627935741730741
ck_c7baebe4549fdbb4,0.059868784622871325
ck_6e67225ba59fa5ae,0.06793446100427446
ck_719602def4d35fe0,0.029708477337837998
ck_bdee7c86f5ebe81f,0.011158957283017594
ck_8de38f8c7f91961f,0.0627314140127252
ck_b0b5bf9254700402,0.012869357452903036
ck_7b55d9bb1a250d4f,0.1109378240044589
ck_3954b7b0fd1d6614,0.0005994113173019274
ck_f29471fe7c818d6a,0.009266982095264645
ck_9e65a8a2f587691a,0.020738294449910526
ck_eaec5f1a83b66eb0,0.27340498520662493
ck_004fe0daecbe2c1a,0.0033367597898048803
ck_d17653a4a2d4a79e,0.019915034245848007
ck_0dd417fcbf19e424,0.04072485838687682
ck_4c99a6eadea143e2,0.09850717352311088
ck_74d602c907ee9119,0.0019309676814688445
ck_1aa87cb62acc0ac6,0.010088130558711902
ck_094974d75e29fb2f,0.12446133619554373
ck_5ef935ac3d4d3332,0.00740937832829374
ck_b26e4ae47c9107ed,0.09704015819324269
ck_396cea6f95186ad2,0.01735484754160327
ck_48446a9e8184c7d4,0.0029587610520532843
ck_31e1ede23247d56b,0.3942090552574672
ck_7afefa349b960a3e,0.028922689808721105
ck_f5e02a3432571b20,0.03254801595146086
ck_64eefec062592c43,0.009166361773879755
ck_a1201284122c141f,0.05879074616529225
ck_1b34c420a4c85a95,0.014592274473638053
ck_d637a011332ba67a,0.015618118864993688
ck_99c0004d8b7079f8,0.006628889888092839
ck_948517bad569b40f,0.0488229685506575
ck_a28d6b1601b472a6,0.038174911541909266
ck_a0b4209feb31f5c0,0.995542753965111
ck_d6d2c1f6dfc455b6,0.2243149939740298
ck_3f9e6d356d3dd3cf,0.002032568079219144
ck_d08e00c842b75176,0.014442734537974102
ck_bfdd232a7c5f2660,0.0392949933157231
ck_2cdad03ed069438c,0.022355964403243216
ck_42317c3eabd0a285,0.15591250894330214
ck_3eb73e56751c704d,0.018185655370279493
ck_ef33c04f4c9e3758,0.020571995419115616
ck_1dc23dc870f1773d,0.010398327642409114
ck_76091f357974a152,0.005970080877783757
ck_4d9eb75e8eee90fd,0.034949199121717976
ck_578f67e69e5d2cfd,0.0010578352252317107
ck_3a8ce1cc724229b8,0.0012007885535351526
ck_a96887f841e80fc1,0.011511912911702343
ck_d2d4a8f4a9f2c33f,0.0032463805912088914
ck_11f85bc705dbe036,0.020444330486460514
ck_7429b3f87528e335,0.0035689169791028657
ck_26df74feac7ec51d,0.02243321522580883
ck_c78b2638fadd91ab,0.025311366230144974
ck_7eaad325abe3b50c,0.002290288550054675
ck_fd44e34af620e606,0.04326587254756155
ck_f99738dff854e25f,0.0016831310652858976
ck_1ffbce3a239bb264,0.0030973974049455636
ck_96c7d52ba0a766ef,0.031003569947817604
ck_cb1c00c300af3f9e,0.005074209600087387
ck_ec3d12848ced99f2,0.013283061377521044
ck_26cfd7c3c6c7bf69,0.03477950359191438
ck_7ae86b5a885affc3,0.00435086023004745
ck_3edaa94d28cd48ea,0.001959430627607467
ck_3209c530c9812e39,0.008237897937889198
ck_ea62ebfc1f04b49a,0.008350620182271664
ck_5fc90b4668ea81bf,0.06334337081642469
ck_95654593cdebd141,0.0012800968691528047
ck_958c0bd61820147f,0.02176303642814918
ck_8440ef1386c07194,0.00666480544537561
ck_8cd1b68dd74b1375,0.25552548214892795
ck_c9eb4df91ff07f2c,0.09068814132894122
ck_c29489366c01fe65,0.8006710796653893
ck_c965fd6bec0f0ecd,0.06366436415926208
ck_84c402b23766e1f2,0.01864043438523449
ck_181f3dae03b87136,0.07274913215559071
ck_022a8ae79eb28cf6,0.98514532259934
ck_469c17407d17b706,0.04115445400924226
ck_1fcc5843f39148a9,0.0033646961134772887
ck_5debd55f361b2ddf,0.002926035178006599
ck_28cb9b03e89263f1,0.0013907630988789189
ck_f067470743d3c7a2,0.086073970000507
ck_d5d225ce41a1a762,0.01926378307453526
ck_15b4840922195ffd,0.011335901136024952
ck_6bcfa37c717f19f1,0.05497627252472248
ck_8d501a0386c66be8,0.18446251852722634
ck_1a9d6190c57ea7e2,0.5583095453522909
ck_c49832eabdac5bb7,0.0013561410358042766
ck_b4331140b2e0d4aa,0.0056852318331935105
ck_5efbea1befdefe1b,0.26046999430947104
ck_72ff52c4824072ce,0.017180394803380586
ck_ec3715add8bbb6e9,0.001493675338372659
ck_9822f8ed05335741,0.009208628306621086
ck_c3d7d3d12a1981a3,0.002987916859662235
ck_a115a7919ac5875a,0.030455396400986514
ck_4dd4ed23e0b927b7,0.25744950154205953
ck_4c76efcc1ee6762d,0.028585486400787407
ck_3ad6e7bf452c9b21,0.02481408681666705
ck_dcbab304b55a42c7,0.0138993965578909
ck_24b53090faf722cf,0.006508157302022717
ck_187317383400491d,0.0013536392944824079
ck_e07fd57565c94c28,0.036282073062143906
ck_740e760fdcd27835,0.0012700384720920471
ck_d3796aebda1cfed5,0.5989295599374992
ck_e541967c681cb929,0.009765401632194763
ck_431118050b834dcb,0.0002162424732463107
ck_90f3655f0c8a0074,0.002293914117698626
ck_13cd943777651aac,0.009127512048018246
ck_66accecabf3901c0,0.03244028035192585
ck_937f0da2306b2eb9,0.007562874301661562
ck_105b0c93573fd5b7,0.9081456136123474
ck_00480407160e0743,0.008330078702791295
ck_e032068be7b77d15,0.06868488480529612
ck_991b7dfd69098320,0.0031321238929267786
ck_37d47cf0f34574a2,0.0010425677465310313
ck_011551a596544f5d,0.004232797574055179
ck_9acd98f4fe2d474e,0.2362723276549024
ck_7c88d3d377bb61bb,0.048909249197822725
ck_e2374c7136c964fd,0.02405214625939208
ck_2fa8f2577116e9ca,0.07804977025490842
ck_d07c5b0321c685ea,0.3379097557954861
ck_bc736114a31088a7,0.031342374959236016
ck_32bb42f9bff197f8,0.002640161840288407
ck_66267bbad1f1415f,0.9764521521097802
ck_19988702ccd79201,0.005012620077767378
ck_f473a03fbcdbc4b0,0.007628388003653083
ck_e3f1d85fa5d49396,0.020224108094867705
ck_c4402ea6291df271,0.024986380336700975
ck_243bd5ca8c4ae5d0,0.013958399326919616
ck_f271e855925e8d6b,0.15468720203734393
ck_e424148c6f2223df,0.00525155843765925
ck_e4d0a9e1102a58b5,0.008328947244493894
ck_91c2a5fe69b9b1d1,0.01374878418889072
ck_5fd8924732fe403e,0.2398389978460471
ck_9a881d5433126ada,0.005475349516320619
ck_73cab88b29c7845d,0.03605876391895061
ck_5b5dea6476d4e182,0.02064095712759425
ck_ccccb17d2ca6ce94,0.08298744548134215
ck_cd1dc68e441222b1,0.9868216924657782
ck_8312c49b1431a406,0.009802515649975321
ck_25fea39897f2a559,0.004659609491638075
ck_f56200205280bddf,0.059559405616827675
ck_7336611650dcc088,0.0032218887908838194
ck_590716322ff147ae,0.0637134053093739
ck_c82364d87875a1a1,0.015101086562174165
ck_fa4b60387d744fc5,0.006156007627273565
ck_d841eba8906e9a15,0.0033431815048617086
ck_d6df562a79b9d0d9,0.023415899829266583
ck_59a14d2564193101,0.012040204561366993
ck_8530158e3d7f59e7,0.009371210677863206
ck_ac68d707006c12a8,0.05429898034420432
ck_976fac1bb3dd8c58,0.018036775456202185
ck_f854fba8f4adae3d,0.061963873571000534
ck_b98e9c3ec6e7d1e7,0.0077410306354407715
ck_803c0b4cf9d4bc1d,0.020314298154143786
ck_76997a33c3ea5107,0.0013957245705185307
ck_f1a9d832b700bda1,0.8869823429423732
ck_2bd96ddb8c323d63,0.9595015405895658
ck_9e5b7acf51b1b743,0.027287664496651792
ck_09169f22194fd6aa,0.062389152096881555
ck_6d69e092f9b0848b,0.013734941611244347
ck_9f83fa5a2d3b9049,0.009888674435749844
ck_57bbb19eecb4b87c,0.003046856177457741
ck_e0e9cfabb979f428,0.009428448657400291
ck_b1ff9edc51d42f97,0.0033318707832318767
ck_4682fad271d47eb0,0.9031091508372254
ck_ab33fb754c818ae3,0.029315110473432795
ck_b456f62b80e21557,0.0007336501266103805
ck_16340be3f2a7fffd,0.0011206460318804671
ck_ce66831f6611014c,0.010544335093282387
ck_4610a073bb54d1b1,0.028203091792795558
ck_fd038a7d33a9d6e5,0.003142779505836623
ck_c8198cb4c461304f,0.024640242402909553
ck_1e7de58822000dea,0.002048865789186054
ck_b2a79dd3df560f14,0.02496563073037429
ck_74a06f347b32347f,0.010524001375656468
ck_c6fdb2972417c9bd,0.03106185671245074
ck_d7607a213b800bfb,0.06436299104167009
ck_df65967b8b40319c,0.00065025971829329
ck_329a73dbd585ee09,0.0031010247601294086
ck_74991a9e85c3b07d,0.019753039917504298
ck_bb76609b79e0bc9f,0.0045276658475771675
ck_f7fc1bd0b9ab1fa4,0.021403086328915803
ck_d111c98b36bdb791,0.0046330627957884
ck_f07e27d125497b66,0.022323695515577044
ck_093e3a7134e11d6b,0.007442292568875133
ck_862c7953bdea48b0,0.03321042998974165
ck_392cf2cdd515c34d,0.01584852158199973
ck_80eb91b0b4001084,0.10119638017930244
ck_5923f53b77193a58,0.05666321131712879
ck_8049f5fce32be185,0.8133025180096516
ck_ebc5a2c6cf88e252,0.03578187665025077
ck_9ea5872f14cce338,0.03589521509362383
ck_f7fbc95ebf584379,0.008431757735834608
ck_bafe82c870356706,0.9835411974785253
ck_278b36c5932d9bff,0.0031913542962188
ck_6a892dd5d05c1649,0.005121411157126245
ck_0734fd90b2cabd43,0.00528978441701134
ck_9b552204498b6762,0.046192634330817585
ck_f6c909c205767956,0.018472292843877792
ck_32f590e87bc3d715,0.0002478513263859302
ck_66a8325f28be7562,0.0015398988249424744
ck_b129261da9c3c3c9,0.0008394746746088501
ck_a524071c51ddde20,0.02121579815419478
ck_ba576d6d4cb6130b,0.3359467858870846
ck_8d8226520722af78,0.05503880447340901
ck_c5b0f0d4f1655a20,0.056021104550186725
ck_61814ae9b6d8eab1,0.005832096621441576
ck_382ebf136f7fa337,0.22439090313544496
ck_423ff4ede6a9f066,0.01857598653219685
ck_546ad962d04b7de4,0.8450017229415362
ck_9473ea4a01c95f9a,0.04588921468707578
ck_9eb1da8cd35a50ce,0.00864545417380948
ck_de5eaa2cdbcb67ff,0.07209666965206167
ck_537cc97d0398c922,0.2461450630378711
ck_998475a2e4dfad4e,0.0070914641540056325
ck_e62eb708d2688fae,0.007401858996980134
ck_ea623358f704daa7,0.14439320020474639
ck_b911a09f328dfd4b,0.002739226456477782
ck_4b3506b624e5193c,0.053145859725535524
ck_448456f96788713b,0.05388782853966346
ck_5d5ef9e75f65d076,0.011201210192521651
ck_3b74512f774a6e5a,0.006326365638044512
ck_a032e8ac1507c6df,0.6161662151394744
ck_7e2d6b22a0ae20c2,0.17336619492289426
ck_d80283209c963f11,0.01702689839972044
ck_d1157eade2ac3975,0.01594222167196767
ck_be48f583f79427f7,0.027883146356138023
ck_0027b5d4107d65d8,0.0668337035176125
ck_94fff69584dd3b2a,0.029431329457846548
ck_75fcda73f0b43557,0.01267440256092586
ck_a1c78972e4ee4082,0.0295079899595522
ck_f0982bbdbd122f91,0.009296894371941011
ck_3199b471575aeb3a,0.004220318996757871
ck_7fa947a0b1c1cf74,0.06655208097595615
ck_a60c618b7f0e4252,0.010362326868365327
ck_722ac47c8ac9b6c3,0.06200787490340574
ck_d44dc3839a195c8a,0.20377955747681817
ck_a2c3e82fab520483,0.029349153322405452
ck_6f8ae0319c07cafe,0.0018667761956141066
ck_49886ff1e2c759d6,0.0348697740757828
ck_150a1108f936e6b0,0.0017817999010161778
ck_e21f9f96f597695b,0.017013975322027433
ck_7297bff2b7fdcbc8,0.0005041356724872546
ck_ee949c71f4f702eb,0.9202042390609292
ck_6fc37dea4b4f35c6,0.07694092108977435
ck_e76257caa98dc25d,0.9931609165733514
ck_828eef2334e17b3a,0.008447195334829335
ck_604e1b8a8c693aa7,0.0049471730429300675
ck_7743c9fe037d1f9e,0.019631749165160337
ck_864a11202e19e812,0.24556615276012886
ck_4ec040b9e3785e4a,0.002687943211126295
ck_7346e4f820d9c00a,0.91082367916819
ck_48d4d63beb26b623,0.011978642658150905
ck_c423aa6de3ed1e01,0.0025370569204624283
ck_d74b2ead8aaa3f73,0.024588940274241584
ck_1dd69a11daa7bf1a,0.054399554529517995
ck_d9143e236eef177f,0.006328992196675697
ck_f790d91e5ff0eccd,0.3111347537587081
ck_69b5620e00ef5dec,0.0014990225365634758
ck_cd32e58e8a1c0e85,0.021104699867083042
ck_064013b0957d87a5,0.9939443170341054
ck_a481385c2e60dc4a,0.0004015886495976869
ck_d72035cb29db3aa4,0.016171366210069975
ck_3759939a0205306d,0.018383382776117202
ck_f437a53fc832ec95,0.7466264218756129
ck_260ef2f3e6434819,0.053976702809009555
ck_35e411b05d22f663,0.02098495416248941
ck_8bf46e472f3e20de,0.1416597724224018
ck_d546994fc5d3e9d1,0.010845239411370113
ck_6ff0fc7487e737e7,0.23746266761722684
ck_5c67f27816ae0b6f,0.00745234998004338
ck_c5517923458106ae,0.00825744613027298
ck_d9735647a6b0b0a7,0.6666513396007084
ck_541a734fc457246f,0.0459071558712224
ck_2f6a639468f41043,0.003942793443553035
ck_bea2cf7a6b7bb900,0.017824801783203437
ck_7eebd0e6ad6c070e,0.008836511692759461
ck_b64c87d5e3b10e6a,0.939672179336809
ck_9dd7daacb7833233,0.049040450544356774
ck_396e9ea9a6c6d7d9,0.026671965554402544
ck_1645e6cc53fa99ff,0.04628331771612569
ck_ea2a83ccb8d57490,0.002586357975960869
ck_e64f0df63e1be595,0.02194390480949234
ck_fa0b234481cb57d3,0.021499622893623314
ck_63379e3c9fe6f711,0.026342489553606855
ck_c67f7944896a0310,0.020304890054718326
ck_c10e54c9db29e6ef,0.9955425713956136
ck_7184ad7709ae4c80,0.04006451819795281
ck_f8b6069d7577fde6,0.0012594708589751045
ck_18444be153bac1ca,0.7380196343585483
ck_d0982b4e0e118e4d,0.029440360685502025
ck_6faf3e6820398866,0.015690714462536465
ck_97e980463aca4644,0.0028104245320712666
ck_630c835243c66b19,0.9836270563141449
ck_fe429ba3e1aa0e4f,0.011170948759911465
ck_1058129ed7b48c59,0.014956358743022813
ck_04a1a46f07885296,0.031085544781228824
ck_f01e94331067edf6,0.026146082279120516
ck_77b2fb17c29f5e72,0.010475773242666074
ck_4f0c5857da45fb28,0.15741325620509236
ck_2cfb9a7775e8a5bc,0.996402609349961
ck_6846100e43659bf3,0.007019043533323795
ck_f89719a854fe11d7,0.06432752587698377
ck_bf47375e41ca3bc0,0.0036835047416361967
ck_2770b0400a7bef08,0.087851266497603
ck_2a09d142de1c77ff,0.011092367824799996
ck_857a1f5547b9ad68,0.013458699462327878
ck_185f15b1523bbcf4,0.001836049670732303
ck_ab2aed614ec1cdf8,0.01313221802924013
ck_a9e7f3b2d5dfd97b,0.008939836970251174
ck_0eeb3d9b3e697edb,0.08113231215217598
ck_fa5830d81bc8ddc1,0.003953884457736267
ck_231ae0329ebc3220,0.018922480967664978
ck_1587763dd54688c9,0.0037917244182988706
ck_9f85fea4490c00cf,0.020374852813512305
ck_a2d709e7eb91e4af,0.03971826435753427
ck_43637d28c7216453,0.0013807032452053925
ck_f3ab5dd853d38252,0.08077252262636578
ck_4a1f0172d3bf4fd3,0.0037310257052877837
ck_517620ca16505af0,0.00494026829188412
ck_9ae904fbef56065c,0.004876272779677957
ck_d5ef1f6e34bb35b8,0.04231261271851245
ck_ff42557857ae3aeb,0.0010009103167823667
ck_ad9a18f58589faa7,0.006823256953510956
ck_df1a6edaa3e6b271,0.006523314708514354
ck_99021fe7225b5a68,0.04890842834418901
ck_99e52c3c2530b69e,0.9848458808458387
ck_3a4811dc4a1a891d,0.0027581472339452237
ck_ba3a6be026c87079,0.010476874123119047
ck_da6d1e5cf6aba6fd,0.02044985524579987
ck_ddc7c1f3d45fe6e6,0.03151511376655128
ck_e1b1e7a7e4a15b3e,0.0038481172894403075
ck_8288f7f226e08b89,0.01245489872646387
ck_c4524993ec31dbe5,0.003980427795915697
ck_8b19bb5b23b6741c,0.01883880853834749
ck_d21b38231a8a9f4a,0.16152161147301763
ck_3f730318a9792292,0.028611830262412156
ck_a4db6e94a8f77f9d,0.09710235129298682
ck_a8cac8d480306839,0.0019948428643626853
ck_5472214011fbc2a7,0.003955831242138209
ck_7356f47dbbbe7904,0.006212263891819734
ck_16801e628e883d78,0.008791296397835754
ck_0dc1e536231c4860,0.006288378501042931
ck_7cd0634a6e60af83,0.010280388932502956
ck_ef6f8e048ae1bd4b,0.006467456500080273
ck_82f3f744209888ac,0.02381101861864935
ck_f33188c232a03526,0.2894418490320847
ck_4a59f4e10bf45d7f,0.0010741772441965518
ck_d96c893721385e4e,0.0015256934784492109
ck_f65ab819373edb37,0.016835180766996628
ck_21cac21fc10b7768,0.013108105525728341
ck_139b54e6ccbdd7da,0.07159612487131778
ck_d6f5c8741697abb3,0.01739053347987809
ck_a28d9bb5590d458f,0.10565363041306632
ck_ed26d906883bea0a,0.008679400500475035
ck_227602ad072b838b,0.0005229141402736657
ck_39d5f6c17c745ab1,0.001688728613956806
ck_744eade757ba69b5,0.019640551109701993
ck_c1295d97cdf35ec2,0.0057361577986275916
ck_69105f881da3c821,0.024010888372317456
ck_933789b55361d7c1,0.882411823280894
ck_b667952253503174,0.004973234026297301
ck_7bf668e25abeeb05,0.0041771151495840365
ck_91742711dfdffd56,0.04070504644374473
ck_af32a0660090dd68,0.043952818943227834
ck_2122f201e65f76ee,0.01550806556259257
ck_f48acb73a5d6af07,0.03530189414210885
ck_337c5684510cf432,0.06647401159013712
ck_f7bde7265053364d,0.013015141973927042
ck_c190c7b924edba75,0.0686416948829589
ck_044fa3b3a003f0b5,0.033288544379490866
ck_87eb43e3b9d96169,0.054358775399831576
ck_2d3d6c9364362017,0.0008948951715757513
ck_ac55dc6cbcdf8228,0.006662939862248929
ck_61d7b0568ec5d6cf,0.023522806994798504
ck_89c74feeaffa7d09,0.004162216029097264
ck_93776b0c113f41f0,0.17103486093082243
ck_15e0b679931f7a8d,0.016924467953926443
ck_77b56c49cfdb1d81,0.08684582208867035
ck_73188a826b5f499f,0.007335998194800283
ck_4f463ef25325ddfa,0.4998462012902732
ck_863db2e394dc47d1,0.98982684380864
ck_d52432ed597f3cc9,0.004657047879709202
ck_04fb61e5739642f8,0.03046087705677981
ck_2e481d75d110c06d,0.08439555679295545
ck_3fa1a523d77cd619,0.05005025520555647
ck_466dc6274fecd708,0.02114091700954772
ck_e1790b3aa2241b10,0.853728625867044
ck_84ad096a46e1a960,0.05819652858150435
ck_3be72c9c178fa00d,0.023806666697493113
ck_5a17c89219d1d9fe,0.020490020299879494
ck_4f639f4ee6ce8d9e,0.24311909301067094
ck_f4ec4a935e51b4db,0.02770353077139909
ck_f04040a830f92bac,0.020362977961240508
ck_3e4d02a04be2aaf8,0.02155831695001676
ck_4d1baef193cfb900,0.022673430817826728
ck_0fb3153d37626b75,0.003417328583207297
ck_88ec57a11b11f702,0.9584151603116174
ck_dca9dc465f759db4,0.0058084762566395715
ck_64f5fba6af67e024,0.009593078707485209
ck_896096cb167254ef,0.026483482200555703
ck_7878679065876b98,0.02465346535691878
ck_fe8e5a6c880ceb4e,0.007793565655456895
ck_a5e036327d3d1862,0.0008256820323049567
ck_310f73940fc4cf4f,0.015527344786092875
ck_46a8db16ad00b749,0.012390779060937098
ck_0d33977c3de8cfaf,0.9943030864378763
ck_c6fff412f531db0f,0.0010718205415566212
ck_bac6dadf428eaea9,0.04856629172774661
ck_1b96d9af0d7da2d5,0.009145614547001059
ck_fa8a4a9e77799fcc,0.0018483309835168181
ck_0bf48607a874b4d1,0.002626287053386383
ck_eeb75f8a6439f65e,0.024481861618388393
ck_a209a5f7d172125e,0.01077798725188098
ck_8f346b72fb40bf14,0.0031271352202844245
ck_bccbf9fef367f00f,0.02158916967787182
ck_2d1548f1ee405cc9,0.010899730649646196
ck_e8298ff2dc1e9d50,0.00378512082079395
ck_77c0fb524edb4a94,0.005002676429794699
ck_28ac4c5134cb8e77,0.04949150408650313
ck_db23a0e3e54be60c,0.8329072600440405
ck_a059d00cee5cee99,0.006604366615141335
ck_3e9e3bba8bd363af,0.0036750204486655567
ck_0428728df24cdab4,0.00446493718846437
ck_88cd35378075c84f,0.0013277716216086163
ck_0174d76398d9dc0f,0.01994712452199039
ck_3f1287e6c27de0dc,0.015024171926860837
ck_ff822700f3605e06,0.996636807972975
ck_4563227b2038ae07,0.15715055322248406
ck_788e78065526ee19,0.03282263460498674
ck_8a16eb584093b12f,0.0015287196863579876
ck_cc276f71ab6c08fd,0.04792197505750478
ck_d61d97b21002f3e9,0.11019404821769652
ck_4b2e87d86a5e415c,0.08442801431665196
ck_3e6f35e4500d2f2a,0.0017151020428559994
ck_3acdb083e0d8ad61,0.0015841141324923027
ck_cd655202db489010,0.0022855379542045316
ck_829cbf5ccda481ae,0.00991012584264486
ck_f5882e6f98b8b4cd,0.0019984363391681264
ck_767947540b234add,0.013420133243799521
ck_a6e8e8f535b1f1d1,0.055537276628931084
ck_58412a2674fea506,0.013572212666348938
ck_fae7e518a585fa61,0.020399414742201513
ck_9c60ae6958d68dbd,0.3123130192692647
ck_328696b8f5e54ec6,0.05395105256717806
ck_7df3f8f4f1068d62,0.005466292914064924
ck_cfadd21458230ef7,0.0239235917047576
ck_7048bedd554c703b,0.001760114742260485
ck_50422466f145bfd7,0.0028260772384002546
ck_61e1f7168cd9ff25,0.07268690761673008
ck_733aff0f56f5b3c9,0.06788098054665333
ck_e14892e424180549,0.0022758872892087384
ck_03f6664a96de7d0f,0.02247908813167572
ck_b7f4baa2cc82fe61,0.007273214544143216
ck_1e51199a075ca0fa,0.005791629975046328
ck_0e70516fa07cfb17,0.7467905659637658
ck_0f37c554a5057801,0.828157410272496
ck_5576b725de38d106,0.01772281662368409
ck_82f360df1e9f4eb8,0.05297171873818724
ck_395f3bd4aacd7ca6,0.02336593896693592
ck_5e8e857b63966609,0.338508307949404
ck_93470896f0804b6b,0.9519426833974918
ck_3be854e42e76569a,0.00681120332588763
ck_0567302c57a2417e,0.18362224794495696
ck_ee535461b5f05539,0.1591513767946196
ck_94a096c36162a153,0.01826740417689892
ck_dfc8f5c141fd7c63,0.015671068938991204
ck_98b34f2d704c1c2a,0.03183269872060355
ck_96dff7a09d45f116,0.03945465461893479
ck_79557434c129ba52,0.007257531138376046
ck_4596624a7c01d501,0.00925804690637445
ck_04e89fbd739243fa,0.005053371722010699
ck_6149ffaf18872dc8,0.00043920298030949046
ck_cd78f0832a09bd8f,0.6251732716551723
ck_7e29c10d781c3b41,0.017983561744767538
ck_1f7ee7b23fc6f2f4,0.0027496384828528055
ck_c49b685d2b3ab89a,0.010492866391870592
ck_84569a8fc50e73ac,0.02561633668114923
ck_b92b11d205af91eb,0.0030592774730330194
ck_06280e6d6d2485b0,0.005077487192565596
ck_3c08546dd0c92863,0.016248429443066193
ck_99d3983f907828bf,0.004327376638866926
ck_eccfd552aa652d3c,0.01238636247571057
ck_0cff8153881875ba,0.026775427961433118
ck_c1aebbeca6ab5ff9,0.010345251164718936
ck_538fdbbb3c2bcbbb,0.10692142712166912
ck_8c0210322733c718,0.027311191746624965
ck_0b0c93039f987abc,0.011535734560399673
ck_6d07d6d1bd227d37,0.04640460972457144
ck_9b6ee35e8cd0b11c,0.0027948610662896136
ck_d838491d3d4f5ecf,0.005563447524421782
ck_0593ae243a9ebee9,0.027747988603245573
ck_ef261fc09be8eb0b,0.0030504514484449743
ck_d0935b571a4a3868,0.02316172264852301
ck_97d04a67a104af39,0.05836603694860606
ck_e25f70d0b7229420,0.030684854165740752
ck_9b71274ff83de482,0.9765638324984903
ck_6de2aa2bb60978d3,0.03436311532317688
ck_eda55c8fb47593d7,0.016728431554245953
ck_924e572517515f19,0.21489030861968447
ck_d6f27eacbad310f4,0.010619643557891426
ck_8550f229b5eb03ab,0.0027842034206645608
ck_e3e95546a84d0ed8,0.0317793338564628
ck_3135c019696ee6af,0.9775738628005783
ck_41ba315d8fccb559,0.020784706064924042
ck_72b86e4485da2d0f,0.973801666844563
ck_daaa995f3c2f0e47,0.021097608543971115
ck_053746067839696b,0.01638702769570806
ck_a15fe7d0f4b65c33,0.47870641419925686
ck_15de11438732bb05,0.01654922365836983
ck_2c4d25acbe3fabd9,0.0069024883157841315
ck_7f08078908599bd2,0.40103088316779834
ck_e794741742fb2619,0.02150639340150388
ck_238e53b6dee8c301,0.0019406677754213795
ck_53a6a33060d5c8b8,0.0076863774681017625
ck_0e0919292ad33472,0.24920641755561332
ck_d86ccf148c06c8c8,0.0309725884526338
ck_c881f26c9bf9ae42,0.15759837299286203
ck_4b0947bf94e9d847,0.03465723302023504
ck_e10ff5c38bd18470,0.01792548264572767
ck_b60de9e97aad9e45,0.49370918583678547
ck_190bc849e5ff5401,0.04856160722098605
ck_e7be077aa0b2632c,0.003370823969717723
ck_a51abde881ebeff3,0.021817189383715952
ck_2208392a9f6bd249,0.05689465667196963
ck_0259da8f109017e9,0.0024967538629326247
ck_05e01ab9c95449da,0.018663053812274764
ck_c82897ebffb6ae66,0.0029262030120386605
ck_b4a6bb4689cd7cfa,0.013002430605278557
ck_9e21ea33018ce538,0.016029955474377446
ck_caa348f0e65db062,0.9850390029004077
ck_a964e6b5d8415334,0.3199504332192554
ck_510bfbbee37ff436,0.00655898398899564
ck_9741a82faf5c7889,0.02676574612044686
ck_e7f61b4a39ba98ac,0.0012016179653497913
ck_069d158665a53909,0.02548716705818389
ck_6426427efe3228af,0.029928608519280066
ck_ab4a8d02ec3c0fd7,0.0010479152766396643
ck_aefa0d8d933e0eca,0.029954022575224972
ck_232325ef6bce92f1,0.016726886821002988
ck_14e58c3fb26a2b4d,0.01840468567938714
ck_06e73afdec26aecc,0.1685318543178375
ck_3168f4f2778d64e1,0.02414158411131005
ck_ff3998d6858daa21,0.0008779802101773403
ck_bccff46fb0868454,0.4667447249752624
ck_c7d444d90fa86d7c,0.57185676614319
ck_f0bc3bdee6bfbb94,0.037852959333701565
ck_f7112818a6d81422,0.045542220725634595
ck_aca35dbcb835ad02,0.03485918437944531
ck_f637fabf0f60528f,0.013094093414983545
ck_53d17ab97de1ac3e,0.002861363753870738
ck_c8c1bf16d9113493,0.01929313174874954
ck_e842fb0cf055a83b,0.08612292595172416
ck_93c0cb3dac4891fe,0.021312571565959358
ck_0c1f088e17e46daf,0.014302368389171101
ck_8f4b384955bf57c9,0.011960359122206485
ck_09cd5c4df1e81ac2,0.030753759681868865
ck_1e832a5b2342554f,0.025389015292120693
ck_2cb763a881aee27f,0.0023274198969908434
ck_5875828b11406398,0.02104470050220565
ck_48e84b0cb0b90fa7,0.03805192981798746
ck_833688de8629c5c0,0.0014492126721705534
ck_117d78ccd5820f36,0.018744565677102063
ck_668ec61c4c39cae3,0.0013718419357021904
ck_73a7794b659d7a34,0.0048833722332943304
ck_10f90d879209734f,0.014099321195009692
ck_d1d079913aa158bf,0.005441852726799247
ck_01c631b38e8a9535,0.008440526953876178
ck_f6923088c17a04e2,0.10349469987486994
ck_b447badc9138987d,0.0012686682363461993
ck_8b772caed8f1541c,0.0064875931904421385
ck_5403c76fe68a08ba,0.6190679777295215
ck_3e6833574edf1736,0.009724441008178156
ck_e527fbb9450a4581,0.9023547883994879
ck_cc90e219f1ebf390,0.001456664899850142
